edge,chemical,development,flower,hormone-aba-iaa-ga-br,hormone-ja-sa-ethylene,leaf,light,nutrients,root,rosette,seed,seedling1wk,seedling2wk,shoot,stress-light,stress-other,stress-pathogen,stress-salt-drought,stress-temperature,wholeplant,wt,avgwt
ATCG00350-ATMG00660,,,,,,,,,,344.66983,,,,,,,,,375.9641,,375.9641,360.316965
ATCG00350-ATMG00670,,,,,359.54712,419.9099,155.446,,,976.3403,236.22276000000002,,,320.9541,,,,,1306.1338,,1306.1338,539.2219971428572
ATCG00720-ATMG00160,,,175.15755,,,,,,521.10406,,,,,,,,,,,,521.10406,348.130805
ATCG00720-ATMG00690,,,257.04247999999995,,,,,,,,,,,,,,,,,,257.04247999999995,257.04247999999995
ATCG00720-ATMG00070,,,,,,,,,,,,,,,,144.66722,,,,,144.66722,144.66722
ATCG00530-ATMG00670,,,,,261.282,,,,,187.04568,,,,,,,,,,,261.282,224.16384
ATCG00530-ATMG00070,,,,,,,,,549.5293,,,,,,,,,,,,549.5293,549.5293
ATCG00280-ATMG00660,,,,,,,,,,111.11295,,,,,,,,,,,111.11295,111.11295
ATCG00280-ATMG00630,,,,,,,,593.2481700000002,,,,,,,,,,,,,593.2481700000002,593.2481700000002
ATCG00280-ATMG00670,,,,,,,232.1264,,,598.3077400000002,,,,744.12854,,,,,1162.1267,,1162.1267,684.1723450000002
ATCG00280-ATMG00070,,,,,,,,,473.08694,,,,,,,,,,,,473.08694,473.08694
ATCG00130-ATMG00630,,,,,,,,314.5012200000001,1523.5541,,869.5038,,,,,,,,,,1523.5541,902.5197066666666
ATCG00130-ATMG00160,,,,,,,,,,271.2357,,,,,,,,,,,271.2357,271.2357
ATCG00130-ATMG00670,,,,,321.3931,,,,,501.57855,,,,,,,,,,,501.57855,411.485825
ATCG00130-ATMG00650,,,,,,,,,374.91953,,,,,,,,,,,,374.91953,374.91953
ATCG00520-ATMG00630,,,,,,,,,585.3458,,,,,,,,,,,,585.3458,585.3458
ATCG00520-ATMG00670,,,,,557.89557,,,,,352.0403,,,,,,,,,,,557.89557,454.967935
ATCG00520-ATMG00740,,,,,,,,355.54962,,,,,,,,,,,,,355.54962,355.54962
ATCG00520-ATMG00650,,,,,,,,,257.27727999999996,,,,,,,,,,,,257.27727999999996,257.27727999999996
ATCG00520-ATMG00710,,,,,,,,,,,,,,,,,,,,109.34041,109.34041,109.34041
ATCG00270-ATMG00630,,,,,,,,561.3302,262.6709,,,,,280.0011,,,,,,,561.3302,368.0007333333333
ATCG00270-ATMG00160,,,,,,,,,,192.5695,,,,,,,,,,,192.5695,192.5695
ATCG00270-ATMG00670,,1330.908,,,210.56663999999998,584.9188,,,,759.3545,,,237.66523999999998,,,,,,,,1330.908,624.6826359999999
ATCG00270-ATMG00600,,,,,,,,,539.2247,,,,,,,,,,,,539.2247,539.2247
ATCG00270-ATMG00400,,,,,,,,,628.08594,,,,,,,,,,,,628.08594,628.08594
ATCG00270-ATMG00740,,,,,,,,199.51346999999998,,,,,,,,,,,,,199.51346999999998,199.51346999999998
ATCG00270-ATMG00870,,,193.96858,,,,,,1147.396,,,,,,,,,,,,1147.396,670.6822900000002
ATCG00270-ATMG00130,,,,,,,,,252.97954,,,,,,,,,,,,252.97954,252.97954
ATCG00270-ATMG00710,,,,,,,,,1140.4639,,,,,,,,,,,,1140.4639,1140.4639
ATCG00270-ATMG00680,,,,,,,,,833.2973,,,,,,,,,,,,833.2973,833.2973
ATCG00270-ATMG00260,,,,,,,,,270.52252000000004,,,,,,,,,,,,270.52252000000004,270.52252000000004
ATCG00150-ATMG00660,,,,,,,363.6798,,,412.5221,185.05075,,255.45367000000002,309.27542,,,,,615.36255,,615.36255,356.890715
ATCG00150-ATMG00630,,,,,,,146.85432,873.5271,,,,,150.27855,,,,,,,,873.5271,390.21999000000005
ATCG00150-ATMG00670,,,167.83522,,169.11314,,123.4606,,,153.43533,328.21384,,457.9025,,,,,,,,457.9025,233.32677166666667
ATCG00150-ATMG00400,,,,,,,,,404.05536,,,,,,,,,,,,404.05536,404.05536
ATCG00150-ATMG00740,,,,,,,,326.3482,,,,,,,,,,,,,326.3482,326.3482
ATCG00140-ATMG00660,,,,,,,,,,232.36526,,,,,,,,,,,232.36526,232.36526
ATCG00140-ATMG00630,,,,,,,,377.15533,888.4617300000001,,,,,,,,,,,,888.4617300000001,632.80853
ATCG00140-ATMG00670,,,,,266.47397,983.8425,,,,661.1025,,,,289.0017,,,273.81137,,,,983.8425,494.846408
ATCG00140-ATMG00050,,,,,172.78396999999995,,,,,,,,,,,,,,,,172.78396999999995,172.78396999999995
ATCG00140-ATMG00650,,,,,,,,,494.56597999999997,,,,,,,,,,,,494.56597999999997,494.56597999999997
ATCG00160-ATMG00660,,,,,,,116.88551000000001,,,,,,,,,,,,,,116.88551000000001,116.88551000000001
ATCG00160-ATMG00600,,,,,,,,,372.41547,,,,,,,,,,,,372.41547,372.41547
ATCG00160-ATMG00650,,,,,,,,,261.11505,,,,,,,,,,,,261.11505,261.11505
ATCG00300-ATMG00660,,,,345.82492,,,136.20529,,,581.1943,,,,,,,,,,,581.1943,354.4081700000001
ATCG00300-ATMG00670,,,,,,,155.86305,,,152.84082,,,,,,,,,,,155.86305,154.351935
ATCG00300-ATMG00070,,,,,,,,,351.3475,,,,,,,,,,,,351.3475,351.3475
ATCG00430-ATMG00660,,,,,,,,,,,,,177.56946000000005,,,,,,,,177.56946000000005,177.56946000000005
ATCG00430-ATMG00630,,,,,,,,,790.4458,,,,,,,,,,,,790.4458,790.4458
ATCG00430-ATMG00670,,,,,828.0047,388.59045,,,,,,,,,,,,,,,828.0047,608.2975749999998
ATCG00430-ATMG00720,,,,,,,,,279.3212,,,,,,,,,,,,279.3212,279.3212
ATCG00430-ATMG00600,,,,,,,,520.4503,417.13,,,,,,,,,,,,520.4503,468.79015
ATCG00430-ATMG00120,,,,,,,,,912.2658,,,,,,,,,,,,912.2658,912.2658
ATCG00430-ATMG00740,,,,,,,,,1041.4536,,,,,,,,,,,,1041.4536,1041.4536
ATCG00430-ATMG00870,,,,,,,,,614.4904,,,,,,,,,,,,614.4904,614.4904
ATCG00430-ATMG00710,,,,,,,,,286.57117,,,,,,,,,,,,286.57117,286.57117
ATCG00340-ATMG00660,,,,,,,181.99483999999998,,368.91632000000004,289.4902,500.94952,,,,,,,,202.66182,,500.94952,308.80254
ATCG00340-ATMG00670,,,,,,,195.42976000000002,,,393.7996,,,,,,,,,491.8723,,491.8723,360.36722000000003
ATCG00070-ATMG00670,,,,,,,,,,,171.31761,,,,,,,,,,171.31761,171.31761
ATCG00560-ATMG00160,,,261.36215,,,,,,,,,,,,,,,,,,261.36215,261.36215
ATCG00500-ATMG00660,,498.86655,,,,,,,333.46198,120.1615,180.34106,,312.2534,,,,,,304.11624,,498.86655,291.53345500000006
ATCG00500-ATMG00630,,,,,,,,,289.54193,,,,,,,,,170.30193,,,289.54193,229.92192999999997
ATCG00500-ATMG00160,,,,,,,,,,211.29602000000003,,,132.7542,,,,,,,,211.29602000000003,172.02511
ATCG00500-ATMG00670,,825.0214,,,,1739.3562,456.1551,,883.79346,312.63275,456.62592,,414.62436,,,,,257.70917000000003,235.94682000000003,,1739.3562,620.2072422222222
ATCG00500-ATMG00510,,,,,,,,,590.0043,,,,,,,,,,,,590.0043,590.0043
ATCG00500-ATMG00710,,,,,,,,,,,,,,,,,,,,135.58858,135.58858,135.58858
ATCG00500-ATMG00070,,,,,,,,,,,,,141.87563,,,,,,,,141.87563,141.87563
ATCG00490-ATMG00660,,,,,,,,,,121.4764,,180.79169,307.46268,,,,,,,,307.46268,203.24358999999995
ATCG00490-ATMG00630,,,,,,,,357.8709,,,,,,,,,,,,,357.8709,357.8709
ATCG00490-ATMG00160,,,,,,,,,,309.92975,,,,,,,,,,,309.92975,309.92975
ATCG00490-ATMG00670,,,148.07291999999995,795.8489999999997,,597.066,350.13277999999997,,,,,,136.87668,,,,,287.73264,1039.7048,,1039.7048,479.3478314285714
ATCG00490-ATMG00720,,,,217.67601000000002,,,,,,,,,,,,,,,,,217.67601000000002,217.67601000000002
ATCG00360-ATMG00660,,1881.3125,399.5475,772.7162,,498.1162,312.582,,1637.4454,,170.88754,529.4849,1206.2461,311.22437,,,,307.7849,756.85767,,1881.3125,732.0171066666667
ATCG00360-ATMG00630,,,,,,,,1087.4545,1588.3706,,,,,,,,,,,,1588.3706,1337.91255
ATCG00360-ATMG00670,,1575.4792,353.9048,364.68475,,475.49683,199.67581,,1022.36456,,227.51335,,945.9173599999999,,,,,272.4745,1088.5597,,1575.4792,652.607086
ATCG00360-ATMG00600,,,,,,,,196.90012,,,,,,,,,,,,,196.90012,196.90012
ATCG00360-ATMG00120,,654.2657,,,,,,314.16647,1058.3693,,641.2962,,,,,,,,,,1058.3693,667.0244175
ATCG00360-ATMG00740,,,,,,,,,,,,204.72008,,,,,,,,,204.72008,204.72008
ATCG00510-ATMG00660,,,,,,,206.57932,247.32674,2380.611,250.33615,1070.1018,,,,,,,180.93675,265.50436,,2380.611,657.3423028571427
ATCG00510-ATMG00160,,,,,,,,,345.12106,,,,,,,,,,,,345.12106,345.12106
ATCG00510-ATMG00670,,,,,,395.03128,281.9813200000001,,995.0885599999999,,,,,,,,,,,,995.0885599999999,557.3670533333333
ATCG00510-ATMG00690,,,,,,,,,851.5918,,,,,,,,,,,,851.5918,851.5918
ATCG00510-ATMG00870,,,,,,,,,,,,,,,,,,177.95518,,,177.95518,177.95518
ATCG00510-ATMG00710,,,,,265.9577,,,,,,,,,,,,,,,,265.9577,265.9577
ATCG00510-ATMG00070,,,,,,,,,666.0795,,,,,,,,,,,,666.0795,666.0795
ATCG00020-ATMG00160,,,,,,,,,278.9704,1251.4182,,,,,,,,,508.2314,,1251.4182,679.54
ATCG00020-ATMG00110,,,,,,,,,375.37347,,,,,,,,,,,,375.37347,375.37347
ATCG00020-ATMG00670,,,,,,393.66006,,,,229.01082000000002,,,,,,,,,,,393.66006,311.33544
ATCG00020-ATMG00400,,,,,,,,,294.86893,,,,,,,,,,,,294.86893,294.86893
ATCG00020-ATMG00650,,,,,,,,,400.6823,,,,,,,,,,,,400.6823,400.6823
ATCG00020-ATMG00690,,,,,,,,,,223.50974,,,180.60998999999998,,,,,,,,223.50974,202.059865
ATCG00020-ATMG00710,,,,,,,,,,,,,,,,,,,,369.15643,369.15643,369.15643
ATCG00770-ATMG00660,,,,,,,,,379.06946,,,,,,,,,,,,379.06946,379.06946
ATCG00770-ATMG00160,,,173.99068,,,,,,,,,,,,,,,,,,173.99068,173.99068
ATCG00050-ATMG00720,,,,,,,,,264.10034,,,,,,,,,,,,264.10034,264.10034
ATCG00790-ATMG00660,,,,,,,136.57965,435.95972,2411.4043,,,,,,,,,,,,2411.4043,994.6478900000001
ATCG00790-ATMG00670,,,273.9845,,,,,190.99796,741.42725,,,,,,,,,,,,741.42725,402.13657
ATCG00180-ATMG00660,,,218.22182,,,763.8196,327.61166000000014,,1473.066,478.3228,183.72296,262.44492,570.83966,,,,,,825.57465,,1473.066,567.069341111111
ATCG00180-ATMG00670,,,,,,,,,834.2601,119.788376,,,,,,,,450.1827,942.62775,,942.62775,586.7147315000002
ATCG00180-ATMG00070,,,,,,,,,,,,,153.30206,,,,,,,,153.30206,153.30206
ATCG00040-ATMG00660,,,,,,,,,,,425.5962,,,,,,,,,,425.5962,425.5962
ATCG00040-ATMG00670,,,,,,,,,,,,,,,,,,,480.87207,,480.87207,480.87207
ATCG00420-ATMG00660,,,,,,,,,,,,,126.357925,,,,,,,,126.357925,126.357925
ATCG00420-ATMG00630,,,,,,,,,361.6948,,,,,,,,,,,,361.6948,361.6948
ATCG00420-ATMG00160,,,,,,,,,,131.35716000000002,,,,,,,,,,,131.35716000000002,131.35716000000002
ATCG00420-ATMG00120,,,,,,,,,370.63992,,234.34423999999999,,,,,,,,,,370.63992,302.49208
ATCG00420-ATMG00050,,,,,,,,,,,158.59406,,,,,,,,,,158.59406,158.59406
ATCG00420-ATMG00740,,,,,,,,,266.99368,,,,,,,,,,,,266.99368,266.99368
ATCG00420-ATMG00710,,,,,355.16235,,,,,,,,,,,,,,,,355.16235,355.16235
ATCG00220-ATMG00710,,,,,,,,,,,,,,415.1779,,,,,,,415.1779,415.1779
ATCG00170-ATMG00660,,762.44183,,,,463.17812999999995,506.58307,,846.4484,318.79706,,253.26506,127.31823999999999,,,,,,226.00197999999997,,846.4484,438.00422125
ATCG00170-ATMG00670,,,,,,437.10205,248.94362,,794.9376,,,,,,,,,,265.60222999999996,,794.9376,436.646375
ATCG00170-ATMG00710,,,190.95183,,,,,,,,,,,,,,,,,,190.95183,190.95183
ATCG00170-ATMG00070,,,,,,,,,291.72003,,,,148.72621,,,,,,,,291.72003,220.22312
ATCG00380-ATMG00660,,,,,,,224.6519,,1077.6097,242.45212,,213.03595,,150.13419,,557.4227,,,,,1077.6097,410.88442666666674
ATCG00380-ATMG00070,,,,,,,,,,,,,,,,160.78806,,,,,160.78806,160.78806
ATCG00540-ATMG00660,,,,,,,,,,,177.75662,,255.72342000000003,,,,,,,,255.72342000000003,216.74002000000002
ATCG00540-ATMG00070,,,,,,,,,335.66367,,,,,,,,,,,,335.66367,335.66367
ATCG00760-ATMG00660,,,,,,,,,289.47497999999996,,,,,,,,,,,,289.47497999999996,289.47497999999996
ATCG00820-ATMG00660,,675.9072,,,,,297.17978,443.64977999999996,4476.6523,198.4189,469.7856,,,,,238.05917000000002,,,,,4476.6523,971.3789614285713
ATCG00820-ATMG00670,,,,,,,,,,,,,,,,282.01743,,,,,282.01743,282.01743
ATCG00820-ATMG00690,,,275.9436,,,,,,,,,,,,,,,,,,275.9436,275.9436
ATCG00820-ATMG00070,,,,,,,,,649.2558,,,,,,,,,,,,649.2558,649.2558
ATCG00470-ATMG00660,,,,,,,,,1037.9236,,,,,,,,,,,,1037.9236,1037.9236
ATCG00470-ATMG00690,,,,,,,,,,,,,,,,121.18791,,,,,121.18791,121.18791
ATCG01050-ATMG00160,,,126.54238000000001,,,,,,,435.88467,,,,,,,,,,,435.88467,281.213525
ATCG01050-ATMG00110,,,,,,,,,270.82367,,,,,144.3562,,,,,,,270.82367,207.589935
ATCG01050-ATMG00120,,,,,,,,,348.72507,,133.57516,,,,,,,,,,348.72507,241.15011500000003
ATCG01050-ATMG00650,,,,,,,,,404.08365,,,,139.66689,,,,,,,,404.08365,271.87527
ATCG01070-ATMG00630,364.7877,,,,,,,,696.97516,,145.30603,,,,,,,,,,696.97516,402.35629666666665
ATCG01070-ATMG00740,,,,,,,280.59348,244.13608,,,,181.95753,,,,,,,,,280.59348,235.5623633333333
ATCG01070-ATMG00710,,,,,,,,,,,798.3787,,,,,,,,,,798.3787,798.3787
ATCG00690-ATMG00660,,,,,,,,,,,,,129.10088000000002,,,,,,309.3954,,309.3954,219.24814
ATCG00690-ATMG00630,,,,,,,,,,,,,365.8941,,,,,,,,365.8941,365.8941
ATCG00690-ATMG00670,,,,,,339.01874,,,,,,,,,,,,,,,339.01874,339.01874
ATCG00690-ATMG00120,,482.87865999999997,175.43907,256.5497,,,,,399.01117,,656.4307,218.36687999999998,,,,,,,,,656.4307,364.77936333333327
ATCG00690-ATMG00740,,,,,,,,440.52432000000016,,,172.89258,392.79605,,,,,,,,,440.52432000000016,335.40431666666666
ATCG00690-ATMG00450,,,,,,,,,,,131.94608,,,,,,,,,,131.94608,131.94608
ATCG00210-ATMG00640,,,,,,,,,,,,,249.46965,,,,,,,,249.46965,249.46965
ATCG00210-ATMG00660,,,,,,,,,,,,,305.7127700000001,,,,,,,,305.7127700000001,305.7127700000001
ATCG00210-ATMG00630,,469.41015999999996,,,,,,315.7188700000001,,,213.97983,,453.7973,,,,,,,,469.41015999999996,363.22654
ATCG00210-ATMG00670,,,,208.8653,,,,,,,,,646.35114,,,,,,,,646.35114,427.60822
ATCG00210-ATMG00120,,2141.6501,,752.5951,,,517.4513,238.18672,713.4606,,1134.7861,1122.8065,552.5867,662.6999,,,,,,,2141.6501,870.6914466666666
ATCG00210-ATMG00400,,,273.56032999999996,,,,,,,,,,,118.40143,,,,,,,273.56032999999996,195.98088
ATCG00210-ATMG00740,,1895.6743,,1259.5798,,,,321.18164,293.39232999999996,,366.70248,1557.7937,281.52795,166.91725,,,,,,,1895.6743,767.8461812500003
ATCG00210-ATMG00690,,,,,,,,,,,,,164.30403,,,,,,,,164.30403,164.30403
ATCG00210-ATMG00870,,,,,,,,,,,205.41798,,,,,,,,,,205.41798,205.41798
ATCG00210-ATMG00710,,,,,,311.7297,,,,,,,,,,,,,,,311.7297,311.7297
ATCG00210-ATMG00260,,,,,,,,,346.99962999999997,,,474.10843,,,,,,,,,474.10843,410.55403
ATCG00680-ATMG00630,,832.94305,,,,,,545.8478,,,,,674.52655,,,,,,,,832.94305,684.4391333333333
ATCG00680-ATMG00160,,,,,,,,,,,,,215.53326,,,,,,,,215.53326,215.53326
ATCG00680-ATMG00670,,1111.9697,191.87233,,,594.1989,,,,1123.9791,,,567.1633,,,,,,204.42293999999998,,1123.9791,632.2677116666667
ATCG00680-ATMG00510,,,,187.38145,,,,,,,,,,,,,,,,,187.38145,187.38145
ATCG00680-ATMG00120,,,,220.2597,,,,,,,,193.86504,,,,,,,,,220.2597,207.06237
ATCG00680-ATMG00740,,,,,,,331.72037,,,,,479.63333,,,,,,,,,479.63333,405.67685
ATCG00680-ATMG00710,,,,,,,,,,,,,,,,,,,,655.28,655.28,655.28
ATCG01040-ATMG00660,,,179.51843,,,,,,464.36554,,,,,,,,,,,,464.36554,321.941985
ATCG01040-ATMG00670,,,,285.2984,,,,,,,,,,,,,,,,,285.2984,285.2984
ATCG01040-ATMG00690,,,,,,,,,266.3837,,,,,,,,,,,,266.3837,266.3837
ATCG01040-ATMG00710,,,,,,,,,,,,392.65362999999996,,,,,,,,,392.65362999999996,392.65362999999996
ATCG01080-ATMG00630,,,,,,,,,421.91312,,140.61178999999998,,,,,,,,,,421.91312,281.262455
ATCG01080-ATMG00720,,,,,,,,,456.30545,,,,,,,,,,,,456.30545,456.30545
ATCG01080-ATMG00600,,,,,,,,909.49115,,,,,,,,,,,,,909.49115,909.49115
ATCG01080-ATMG00740,,1050.9437,,,,,133.24902,747.98645,2137.5164,,562.177,396.65527000000003,,303.22073,,526.42444,,,,,2137.5164,732.2716262499997
ATCG01080-ATMG00870,,,,,,,,401.12228,1506.1793,,187.24463,,,,,,,,,,1506.1793,698.1820700000002
ATCG01080-ATMG00710,,,,,,,,,,,,,,,,,,,,118.6485,118.6485,118.6485
ATCG01010-ATMG00640,,,,,,,,,,,,,166.98301999999995,,,,,,,,166.98301999999995,166.98301999999995
ATCG01010-ATMG00630,,703.14105,,192.61285,,,,,386.8092,,,,206.49900000000002,,,,,,,,703.14105,372.265525
ATCG01010-ATMG00670,,,,,,,,,,,,,285.18863,,,,,,,,285.18863,285.18863
ATCG01010-ATMG00600,,,189.3427,,,,,,,,,,,,,,,,,,189.3427,189.3427
ATCG01010-ATMG00120,,3018.4036,670.1363,,,,,936.4946,1297.4042,,881.85474,1399.4244,910.0173300000001,360.97455,,,,,,,3018.4036,1184.338715
ATCG01010-ATMG00400,,,,,,,,,811.26624,,450.0185,,,,,,,,,,811.26624,630.64237
ATCG01010-ATMG00740,,466.9799,408.68878,236.26845,,499.54202000000004,,464.4093,666.86456,,178.46233999999995,382.60947000000004,,,,330.34134,,,,,666.86456,403.79624
ATCG01010-ATMG00260,,,210.47957999999997,,,,,,,,,,,,,,,,,,210.47957999999997,210.47957999999997
ATCG00670-ATMG00660,,,,,,,280.93032999999997,,1042.7655,209.73376000000002,,269.68384,508.70972,,,125.127426,,,,,1042.7655,406.1584293333333
ATCG00670-ATMG00160,,,,,,,,,,265.2641,,,161.42192,,,,,,,,265.2641,213.34301
ATCG00670-ATMG00670,,,140.20819,,,,,,,331.50018,,,,,,,,,,,331.50018,235.854185
ATCG00670-ATMG00690,,,,,,,,,374.7045,,,,294.9351200000001,,,,,,,,374.7045,334.81981
ATCG00670-ATMG00710,,,,,225.19366000000002,,,,,,,,,,,,,,,,225.19366000000002,225.19366000000002
ATCG01110-ATMG00630,80.199265,,,,,,,,,,,,,,,,,,,,80.199265,80.199265
ATCG01110-ATMG00670,,,,,,,,,,379.27994,,,,,,,,,,,379.27994,379.27994
ATCG01110-ATMG00600,,,,,,,,,,,,,,,,,,,,99.15349,99.15349,99.15349
ATCG01110-ATMG00870,,,,,,,,,375.86197000000004,,,,,,,,,,,,375.86197000000004,375.86197000000004
ATCG01110-ATMG00710,,,,,,,,,,,218.82425,,,,,,,,,,218.82425,218.82425
ATCG00330-ATMG00630,91.96822,,,,,,,813.36475,391.64276,,,,,,,,,,,,813.36475,432.3252433333333
ATCG00330-ATMG00110,,,,,,,,,589.2356,,,,,,,,,,,,589.2356,589.2356
ATCG00330-ATMG00720,,894.5629,,,,,,,,,,,,,,,,,,,894.5629,894.5629
ATCG00330-ATMG00600,,,,,,,,,,,169.76492,,,,,,,,,,169.76492,169.76492
ATCG00330-ATMG00120,206.64911999999998,4442.335999999998,1032.3785,1629.6836,,,402.5382,714.9518400000003,1641.3774,,630.41394,2689.132,916.7026400000001,1015.2402,519.8374,189.23633999999998,214.57132000000001,,,,4442.335999999998,1160.3606071428571
ATCG00330-ATMG00400,,,,199.7175,,,,,270.36972000000003,,348.13562,,,,,,,,,,348.13562,272.7409466666667
ATCG00330-ATMG00050,,537.12177,,182.1929,,,,,869.623,271.42044,,542.72876,,,,,,240.57922000000002,,,869.623,440.611015
ATCG00330-ATMG00740,130.03804,604.8598599999998,,1175.0092,,1929.8356,,605.1295,981.5101,,946.9896,764.29553,,427.57845999999995,,,,,,,1929.8356,840.5828766666666
ATCG00330-ATMG00870,,,,412.06183,,,,,,,334.5413200000001,,,637.00073,,,,,,,637.00073,461.20129333333335
ATCG00330-ATMG00680,,,,590.8685,,,,,291.8024,,,,,,,,,,,,590.8685,441.33545
ATCG00330-ATMG00260,,726.96564,360.40704,182.30997,,,179.25183,284.03357,423.33133,,,729.8704,,,,,,385.74966,,,729.8704,408.98993
ATCG00590-ATMG00660,,,,,,,,,,177.30223,,,,,,,,,212.13817000000003,,212.13817000000003,194.72020000000003
ATCG00590-ATMG00670,,,,,,,,,,,,,,,,,,,170.56143,,170.56143,170.56143
ATCG00590-ATMG00650,,,142.6391,,,,,,,,,,,,,,,,,,142.6391,142.6391
ATCG00590-ATMG00070,,,,,,,,,286.06796,,,,,,,,,,,,286.06796,286.06796
ATCG00660-ATMG00660,114.64357,,382.2157,275.99734,,,124.83026000000001,397.50592,2300.8579999999997,135.88503,215.3379,219.21086,601.53595,,,148.79791,,492.9208,,,2300.8579999999997,450.81160333333327
ATCG00660-ATMG00630,,,,,,,,1347.6364,4845.0938,,344.54166000000015,,,,,,,584.6648,,,4845.0938,1780.4841649999994
ATCG00660-ATMG00670,,,,,,,,821.2188,984.1673599999999,,,,,,,,,508.0563,,,984.1673599999999,771.1474866666667
ATCG00660-ATMG00120,,,,304.6339,,,,,,,140.38263,,,204.6742,,,,,,,304.6339,216.56357666666668
ATCG00660-ATMG00740,,,,328.99536,,,,,,117.478546,,,,,,,273.00388,,,,328.99536,239.82592866666664
ATCG00660-ATMG00650,,,,,,,,,430.95108,,,,,,,,,,,,430.95108,430.95108
ATCG00660-ATMG00870,,,,,,,,,,,237.29647999999997,,,,,,,438.66247999999996,,,438.66247999999996,337.97947999999997
ATCG00660-ATMG00710,,,,,,,,,,,,,,,,,,,,119.22068,119.22068,119.22068
ATCG00660-ATMG00070,,,,,,,,,829.60474,,,,,,,,,,,,829.60474,829.60474
ATCG00710-ATMG00660,,,,,,,,,,,,,,,,,,,188.02757,,188.02757,188.02757
ATCG00710-ATMG00160,,,,,,,,,,,,,,,,,374.47208,,,,374.47208,374.47208
ATCG00710-ATMG00670,,,,,,475.6182,,,,,,,,,,,,,920.6726,,920.6726,698.1454
ATCG00710-ATMG00130,,,,,,,118.99526000000002,,,,,,,,,,,,,,118.99526000000002,118.99526000000002
ATCG00700-ATMG00660,,1122.3699,304.33746,655.15234,,,,355.05032,1477.3357,,,,761.7113,225.7108,,,,296.4404,,,1477.3357,649.7635275
ATCG00700-ATMG00630,,679.3187,,,,,,1887.1804,1777.5256,,,,,154.06871,,,,,,,1887.1804,1124.5233525
ATCG00700-ATMG00160,,,,,,,,,,,,,214.26877000000002,,,,,,,,214.26877000000002,214.26877000000002
ATCG00700-ATMG00670,,526.53894,,782.71344,,,,195.94429,630.2974,,,,365.65414,,,,,331.62286,,,782.71344,472.12851166666667
ATCG00700-ATMG00720,,,,,,,,,404.90963999999997,,,,,,,,,,,,404.90963999999997,404.90963999999997
ATCG00700-ATMG00120,,,,,,,,,,,452.45514000000003,,,,,,,,,,452.45514000000003,452.45514000000003
ATCG00700-ATMG00400,,,,,,,,,374.73328,,,,,,,,,,,,374.73328,374.73328
ATCG00700-ATMG00710,,,,,,,,,446.30383,,,,,,,,,,,,446.30383,446.30383
ATCG00700-ATMG00070,,,,,,,,,,,,,,129.21426,,,,,,,129.21426,129.21426
ATCG00730-ATMG00630,,,,,,,,,,,275.31973,,,,,,,,,,275.31973,275.31973
ATCG00730-ATMG00160,,,,,195.55421,,,,,,,,,,,,,,,,195.55421,195.55421
ATCG00730-ATMG00110,,,,,,,,,795.8774400000003,,,,,,,,,,,,795.8774400000003,795.8774400000003
ATCG00730-ATMG00720,,,,,,,,,,,352.26846,,,232.08118,,,,,,,352.26846,292.17482
ATCG00730-ATMG00600,,,492.11087000000003,,,,,,,,,,,,,,,,,,492.11087000000003,492.11087000000003
ATCG00730-ATMG00120,109.87996000000001,4010.9922,666.3195,2235.4194,464.20734000000004,,473.67925999999994,759.43616,1233.1556,423.72897,203.81427,2023.1232,1202.0205,1346.6498,153.15223999999995,,,,,,4010.9922,1093.2556
ATCG00730-ATMG00400,,497.8481,125.69985,379.28696,,,,198.66028,661.85004,,329.11172,212.62024,,116.93366,,,,193.46274,,,661.85004,301.7192877777778
ATCG00730-ATMG00320,,,,,,,,426.86182,,,,503.8504,,,,,,,,,503.8504,465.35611
ATCG00730-ATMG00050,,,,,,,,,,,,229.2746,,,,,,,,,229.2746,229.2746
ATCG00730-ATMG00740,,1123.9458,439.25064000000003,936.1895,,,683.177,409.6636,949.5589,,835.90936,1386.9453,210.25412000000003,944.6213,,,196.57826,,,,1386.9453,737.8267072727272
ATCG00730-ATMG00650,,,,225.9035,,,,,,,,,,,,,,,,,225.9035,225.9035
ATCG00730-ATMG00870,,,,,,,,,,,191.47628999999998,,,332.03238,,,,,,,332.03238,261.754335
ATCG00730-ATMG00710,,,,,,420.33205999999996,,,,,,,,,,,,,,238.24686,420.33205999999996,329.28946
ATCG00730-ATMG00450,,,,,,,,287.9056,676.8101,,,,,,,,,,,,676.8101,482.35785
ATCG00730-ATMG00260,,992.9218,236.1463,,,,,,421.13083,,,717.67395,,180.5265,,,,,,,992.9218,509.679876
ATCG00065-ATMG00660,,720.9038,,,,,,,336.76044,464.19284000000016,269.29022000000003,418.77557,210.28139,204.29285,,,,,,,720.9038,374.9281585714286
ATCG00065-ATMG00670,,1081.2578,183.27333000000002,,,,123.19684,,539.9167,,,,710.5128,131.52841,,,,,,,1081.2578,461.61431333333326
ATCG00800-ATMG00660,,,,,,,,,,,,,,,,123.58605,,,,,123.58605,123.58605
ATCG00800-ATMG00630,93.46765,,,,,,,,,,,,,,,,,,,,93.46765,93.46765
ATCG00800-ATMG00160,,,,,,,,,,,,,,,,170.4349,,,,,170.4349,170.4349
ATCG00800-ATMG00690,,,,,,,,,,,,,,,105.14825,,,,,,105.14825,105.14825
ATCG01020-ATMG00510,,,,,,,,,,,,,,,,,,,598.49,,598.49,598.49
ATCG00740-ATMG00630,,,,373.64667000000003,,,,,,,,,,,,,,,,,373.64667000000003,373.64667000000003
ATCG01060-ATMG00670,,,,,291.86655,,,,,,,,,,,,,,,,291.86655,291.86655
ATCG01060-ATMG00740,,,138.40767,,,,,,,,,,,,,,,,,,138.40767,138.40767
ATCG01060-ATMG00690,,,,,,,,,,,,,170.31433,,,,,,,,170.31433,170.31433
ATCG01060-ATMG00870,,,,373.74194,,,,,,,,,,,,,,,,,373.74194,373.74194
ATCG01070-ATMG01260,,1510.9506,,,,,,,798.2022,,,,,,,,,,,,1510.9506,1154.5764
ATCG00420-ATMG01260,145.64321999999999,,,,,,,,258.5899,,,,,,,,,,,,258.5899,202.11656
ATCG01080-ATMG01260,,636.4577,,,,,,,339.32242,,155.04834,,,129.83123999999998,,,,,,,636.4577,315.1649250000001
ATCG00660-ATMG01260,,,,,,,,200.59383,,,,,370.21732000000003,115.99593,,,,,,179.52213999999995,370.21732000000003,216.582305
ATCG00590-ATMG01260,,,,,,,,,,,133.08649,,,,,,,,,,133.08649,133.08649
ATCG01050-ATMG01260,,,,,,,,,600.9554,,,,,,,,,,,,600.9554,600.9554
ATCG00770-ATMG01260,199.41785,,,,,,,,,,,,,,,,,,,,199.41785,199.41785
ATCG00500-ATMG01260,,,,,,,,238.15897,,,,,,,,,,,,,238.15897,238.15897
ATCG00690-ATMG01260,,,,,,,,,,,,616.3025,,,,,,,,,616.3025,616.3025
ATCG01010-ATMG01260,,,,,164.17911,,,,339.2884,,,607.0915,,,,,,,,120.303154,607.0915,307.7155410000001
ATCG00730-ATMG01260,,1829.7579999999998,,862.3442,,,,,1345.3479,,,,129.23523,308.6735,,,,,,,1829.7579999999998,895.071766
ATCG00210-ATMG01260,,,,,,,,,,,,463.29565,145.82294,,,,,,,,463.29565,304.559295
ATCG00150-ATMG01260,,,,,159.16591,,,,,,,,162.82127,,,,,,,,162.82127,160.99358999999995
ATCG00170-ATMG01260,,,,198.01123,,,,,,,,,,,,,,,,,198.01123,198.01123
ATCG00180-ATMG01260,,,,329.77405,,,,,,,,,,,,,,,,,329.77405,329.77405
ATCG00330-ATMG01260,,1357.1968,,508.1279,,,,,346.3348,,321.3558,260.9977,155.39893,413.83777000000003,,,,,,,1357.1968,480.4642428571428
ATCG00300-ATMG01260,,,,,362.46365,,,,393.55045,,,,,,,,,,,,393.55045,378.00705
ATCG00050-ATMG01260,,,,,,,,,919.1070599999999,,,,,,,,,,,,919.1070599999999,919.1070599999999
ATCG00430-ATMG01260,,,,,,,,,909.8676,,,,,,,,,,,,909.8676,909.8676
ATCG00220-ATMG01260,,,,,,,,,,525.61914,,,,,,,,,,,525.61914,525.61914
ATCG01040-ATMG00060,,,126.910095,,,,,,,,,,,,,,,,,,126.910095,126.910095
ATCG00590-ATMG00060,,,,,,,,,293.0277700000001,,,,,,,,,,,,293.0277700000001,293.0277700000001
ATCG01050-ATMG00060,,,,,,,,,572.6334,,,,,193.67847,,,,,,,572.6334,383.155935
ATCG00130-ATMG00060,,,,,,,,,726.5709,,,,,,,,,,,,726.5709,726.5709
ATCG00020-ATMG00060,,,,,,,,,,,,,,152.44328000000004,,,,,,,152.44328000000004,152.44328000000004
ATCG01060-ATMG01060,,,240.46832,,,,118.46851000000001,,,,,,,,,,,,,,240.46832,179.468415
ATCG01080-ATMG01060,,,646.6818,,,,,,344.34122,,,,,,,,,,,,646.6818,495.51151
ATCG01040-ATMG01060,,,,,,,,,632.67926,,,,124.28941,,,,,,,,632.67926,378.484335
ATCG01050-ATMG01060,,,,,,,,,615.11194,,,,259.85677999999996,,,,,,,,615.11194,437.48436
ATCG00700-ATMG01060,,,,,,,,,396.38037,,,,,,,,,,,,396.38037,396.38037
ATCG00730-ATMG01060,,,,,,,143.81618,,,541.72473,,,,,,,,,,,541.72473,342.770455
ATCG00210-ATMG01060,,,,,,,305.4579,,,,,206.52223,255.41121,,,,,,,,305.4579,255.79711333333333
ATCG00330-ATMG01060,,,447.17767000000003,,,,,,,231.6289,,,,,,,,,206.40618999999998,,447.17767000000003,295.07091999999994
ATCG00050-ATMG01060,,,,,,,,,612.87134,,,,311.65512,,,,,,,,612.87134,462.26323
ATCG01070-ATMG01370,,,,,,,,,,,,,,,,,,299.81203999999997,,,299.81203999999997,299.81203999999997
ATCG00660-ATMG01370,,,,,,,,,,,,,,,,148.25316,,,,,148.25316,148.25316
ATCG00590-ATMG01370,,,,,,,,,377.3758,,,,,,,,,,,,377.3758,377.3758
ATCG01100-ATMG01370,,,,,,,,282.46057,,,,,,,,,,,,,282.46057,282.46057
ATCG01050-ATMG01370,,,,,,,,,652.01526,,,,,,,,,,,,652.01526,652.01526
ATCG01010-ATMG01370,,,,,,,,,1247.0693,,,,126.69061,,,837.9789400000003,,,,,1247.0693,737.2462833333334
ATCG00700-ATMG01370,,,,,,,,,,,,,,,,,,238.30118,,,238.30118,238.30118
ATCG00160-ATMG01370,,,,,,,,,362.85236000000003,,,,,,,,,,,,362.85236000000003,362.85236000000003
ATCG00740-ATMG01370,,,,,,,,,255.00615,,,,,,,393.89365,,,,,393.89365,324.4499
ATCG00040-ATMG01370,,,148.0973,,,,,,,,,,,,,,,214.50185,,,214.50185,181.299575
ATCG00650-ATMG01370,,,,,,,,,285.4957,,,,,,,,,171.80183,,,285.4957,228.648765
ATCG00050-ATMG01370,,,,,,,,,847.98895,,,,,,,,,,,,847.98895,847.98895
ATCG00820-ATMG01370,,,242.28314,,,,,,,,,,,,,,,,,,242.28314,242.28314
ATCG01020-ATMG01370,,,,,,,,,346.91077,,,,,,,143.23058,,,,,346.91077,245.070675
ATCG00560-ATMG01370,,,,,,,,194.76547,,,,,,,,,,,,,194.76547,194.76547
ATCG00710-ATMG01360,,,148.10994,,,,,,,,,,,,,,,,,,148.10994,148.10994
ATCG01070-ATMG01360,,,,,,,,,,,,,180.20553999999998,,,,,,,,180.20553999999998,180.20553999999998
ATCG00420-ATMG01360,,,277.8068,,,,,,,,,,279.23724,,,,220.40662999999998,,,,279.23724,259.1502233333333
ATCG01090-ATMG01360,,,,,,,,,,140.11823,,,,,,,,,,,140.11823,140.11823
ATCG01040-ATMG01360,,,,,,,,,385.10717999999997,,,,,,,,,,,,385.10717999999997,385.10717999999997
ATCG00380-ATMG01360,,,,,,,,,559.1534,,,,,,,,,,,,559.1534,559.1534
ATCG00660-ATMG01360,,1257.5659,400.35184,284.0062,261.6653,,150.26552,546.8785,2201.567,,,264.3563,548.6465,,,340.8177,220.18877999999998,504.477,,131.0955,2201.567,547.0678492307693
ATCG00340-ATMG01360,,,167.79628,,,,,,425.7457,,141.06587,,,,,,,,,,425.7457,244.86928333333333
ATCG00590-ATMG01360,,,145.77237,,,,,,375.90117999999995,,,,241.83147000000002,,,,,,,,375.90117999999995,254.5016733333333
ATCG01050-ATMG01360,,,156.45302,,,,,,,,,,,122.85401,,,,,,,156.45302,139.653515
ATCG00790-ATMG01360,,,142.79591000000005,,,,136.34866,,,,,,,,,,,,,,142.79591000000005,139.57228500000002
ATCG00500-ATMG01360,,468.3956,532.35333,,170.47748,,,362.1451,1296.4773,,,,,,,153.1109,,1129.9655,,,1296.4773,587.5607442857142
ATCG00280-ATMG01360,,,224.78677000000002,,,,,,,,,,,,,,,,,,224.78677000000002,224.78677000000002
ATCG00065-ATMG01360,,,231.27036,,,,,,,,,296.15862999999996,,,,,,,,,296.15862999999996,263.714495
ATCG00130-ATMG01360,,,432.7019,,,,,,415.5484,,,,,,,,,,,,432.7019,424.12515
ATCG01010-ATMG01360,,,,,,,,,,,,,696.3181,,,,,,,,696.3181,696.3181
ATCG00730-ATMG01360,,,,,,,,,,,,,126.79869,,,,,,,,126.79869,126.79869
ATCG00210-ATMG01360,,,,,360.72713999999996,1838.4169,235.99944,,,187.00843999999998,,,1720.8741,,,,809.5126,,377.18597,,1838.4169,789.9606557142857
ATCG00530-ATMG01360,,,,,,,,,295.17416000000014,,,,,,,,,356.22012,,,356.22012,325.69714
ATCG00180-ATMG01360,,,288.3414,,,,,,264.82532000000003,,,,191.15115,,,,,,,,288.3414,248.10595666666669
ATCG00300-ATMG01360,,,,,312.7490200000001,,,,306.51407,,,,,,,,,,,,312.7490200000001,309.631545
ATCG00510-ATMG01360,,,211.80817000000002,,,,,,1023.46423,,,,,,,,,167.00876,,,1023.46423,467.4270533333333
ATCG00360-ATMG01360,,,,,,,,,321.75842,,,,174.49265,,,,,,,,321.75842,248.125535
ATCG00670-ATMG01360,,,,,,,,,,,,,274.98,,,,,,,,274.98,274.98
ATCG00540-ATMG01360,,,,,,,,201.5608,832.1396,199.5722,,,,,,,,,,,832.1396,411.0908666666666
ATCG00020-ATMG01360,127.878525,1639.3549,261.0869,380.21356000000003,322.84805,1563.8789,130.94055,584.07825,2187.6306,373.871,1090.7605,192.37202,899.8989,333.0313,,,863.6315300000001,223.38192999999998,339.24782999999996,485.73172,2187.6306,666.6576091666667
ATCG00430-ATMG01360,,,,,,,131.06833999999998,,,,,,231.09517999999997,,,,,,,,231.09517999999997,181.08176
ATCG00490-ATMG01360,,499.4135,,225.14618,,,181.31372,,366.0102,159.72717,,,160.68081999999995,,,,,,,,499.4135,265.3819316666666
ATCG01080-ATMG01350,,,,,,,,,310.50183,,,,,,,,,,,,310.50183,310.50183
ATCG00730-ATMG01350,,,133.94676,,,,,,319.78824,,,,,,,,,,,,319.78824,226.8675
ATCG01060-ATMG01400,,,,193.90251,,,,,,,,,,,,,,,,,193.90251,193.90251
ATCG01070-ATMG01400,,,,,,,,,543.3286,,,,,,,,,149.55264,,,543.3286,346.44062
ATCG00270-ATMG01400,,,,,,,,,332.1028,,,,,,,,,,,,332.1028,332.1028
ATCG01080-ATMG01400,,,308.54498,,,,,,452.81454,,334.82874,,123.38483000000001,182.55078,,,,236.0598,,,452.81454,273.03061166666663
ATCG00660-ATMG01400,,,,,,,,,,,,,,,,,,504.0949,,,504.0949,504.0949
ATCG00690-ATMG01400,,,,,,,,,391.59314,,221.81457999999998,,,,,,,,,,391.59314,306.70386
ATCG01010-ATMG01400,,,239.24187999999998,387.39038,,,,292.1531700000001,695.7041,,634.6468,,191.58989,,,,,,,,695.7041,406.78770333333335
ATCG00700-ATMG01400,143.97701999999995,,,,,,,,825.1774,,147.13657,,,,,,,,,,825.1774,372.09699666666666
ATCG00730-ATMG01400,,,189.86307,219.0515,,,,221.80919,,,311.18234,249.55154,286.64203,418.73492000000016,,,,,,,418.73492000000016,270.97637000000003
ATCG00210-ATMG01400,,938.2097,199.29323,336.45135,,,197.21361000000002,628.9207,1528.9564,,652.6929,251.0583,126.689255,330.89273,,,,151.20479,,,1528.9564,485.59845136363634
ATCG00150-ATMG01400,,,,,,,,,596.4027,,,,,,,,,,,,596.4027,596.4027
ATCG00330-ATMG01400,385.45972,757.3589,,,,,,,,,478.32092,,,204.14485,,,,,,,757.3589,456.3210975
ATCG00050-ATMG01400,,,,,,,,,406.02222,,,,,,,,,,,,406.02222,406.02222
ATCG00430-ATMG01400,,,,,,,,,444.2519,,,,,,,,,,,,444.2519,444.2519
ATCG00420-ATMG01240,,,,,,,,,,,,,,128.02338,,,,,,,128.02338,128.02338
ATCG01080-ATMG01240,,,430.45828,,,,,336.1656,,,,216.76485,,,,,,,,,430.45828,327.79624333333334
ATCG01040-ATMG01240,,,,,,,,,,,,,,152.0603,,,,,,,152.0603,152.0603
ATCG00660-ATMG01240,,,,,,,,381.39813,463.21213,,,,,,,,,,,,463.21213,422.30512999999996
ATCG00520-ATMG01240,,,,,,,,,573.4207,,,,,,,,,,,,573.4207,573.4207
ATCG00500-ATMG01240,,,,,,,,265.8525,,,,,,,,,,,,,265.8525,265.8525
ATCG00690-ATMG01240,,,,,,,,,391.7113,,,,,,,,,,,,391.7113,391.7113
ATCG00065-ATMG01240,,,,,,,,365.88527999999997,,,,,,,,,,,,,365.88527999999997,365.88527999999997
ATCG00700-ATMG01240,,,,,,,,,598.00446,,,,,,,,,,,,598.00446,598.00446
ATCG00730-ATMG01240,,,,273.81537000000003,,,,,,,,460.06833,,179.77487,,,,,,,460.06833,304.5528566666667
ATCG00210-ATMG01240,,,,,,,,,,,,567.3239,,,,,,,,,567.3239,567.3239
ATCG00150-ATMG01240,,,,,,,,251.07512000000003,,,,,,,,,,,,,251.07512000000003,251.07512000000003
ATCG00530-ATMG01240,,,,,,,,,1440.8275,,,,,,,,,,,,1440.8275,1440.8275
ATCG00180-ATMG01240,,,,,,,,,853.34265,,,,,,,,,,,,853.34265,853.34265
ATCG00740-ATMG01240,,,,239.90585,,,,,,,,,,,,,,,,,239.90585,239.90585
ATCG00330-ATMG01240,,1314.1112,,,,,,524.2355,308.88702,,,,,383.15707000000003,,,,,,,1314.1112,632.5976975000002
ATCG00140-ATMG01240,,,,,,,,,,,,,,,,,,,,111.62668000000001,111.62668000000001,111.62668000000001
ATCG00670-ATMG01240,,,,,,,,,378.68356,,,,,,,,,,,,378.68356,378.68356
ATCG00270-ATMG01410,,,,,,,,,537.7143599999998,,,,,,,,,,,,537.7143599999998,537.7143599999998
ATCG01010-ATMG01410,,,,,,,,,,,,,,,,,172.8624,,,,172.8624,172.8624
ATCG00730-ATMG01410,,,,,,,,,,,,351.58923,,251.03781,,,,,,,351.58923,301.3135200000001
ATCG00210-ATMG01410,,,,,,,,,,,,273.41895,,,,,,,,,273.41895,273.41895
ATCG00330-ATMG01410,125.52848999999999,456.79233,122.30568999999998,342.50815,,,,,362.28845,,,452.1658,,,,,,,,,456.79233,310.2648183333334
ATCG01080-ATMG01330,,,,,,,192.78951999999998,,,,,,,,,,,,,,192.78951999999998,192.78951999999998
ATCG01100-ATMG01330,,,,,,,,,,,,,,,,,,,,135.90419,135.90419,135.90419
ATCG00470-ATMG01330,,759.20654,,,,,,,,,,,,,,,,,,,759.20654,759.20654
ATCG00160-ATMG01330,,,,,,,,,,,,,,,,,,,,101.46858,101.46858,101.46858
ATCG00670-ATMG01330,,,,247.34037999999998,,,,,,,,,,,,,,,,,247.34037999999998,247.34037999999998
ATCG01060-ATMG00160,,,,,,,,,,462.32825,,,,,,,,,764.7284,,764.7284,613.528325
ATCG01070-ATMG00160,,,,,,,,,,121.84987,,,,,,,,,,,121.84987,121.84987
ATCG00065-ATMG00160,,,,,,,,,,124.248566,,,,,,,,,,,124.248566,124.248566
ATCG01060-ATMG00120,,,,,,,,,,,240.43568,,,,,,,,,,240.43568,240.43568
ATCG01070-ATMG00120,,,180.33379,,,,,,677.7522,,433.15515,,,117.53613999999999,,,,,,,677.7522,352.19432
ATCG01110-ATMG00120,,,,,,,,,,,277.5352,,,,,,,,,,277.5352,277.5352
ATCG01080-ATMG00120,,562.6012,192.13818,,,,,219.64835,336.4726,,1149.2137,290.8715,289.6355,483.6311,,,,,,,1149.2137,440.52651625
ATCG01060-ATMG00130,,,,,,,,,,,,,,,,,,199.0225,,,199.0225,199.0225
ATCG01070-ATMG00260,,,,,,,,,264.14246,,,,,,,,,,,,264.14246,264.14246
ATCG01080-ATMG00260,,,,,,,,,,,,,,175.14052,,,,,,,175.14052,175.14052
ATCG01070-ATMG00450,,,,,,,,,,,441.41632000000004,,,,,,,,,,441.41632000000004,441.41632000000004
ATCG01070-ATMG01100,,,,,,,,,,,206.95816000000002,,,,,,,,,,206.95816000000002,206.95816000000002
ATCG01080-ATMG01100,,,,,,,,,,,277.43192,398.3963,,,,,,,,,398.3963,337.91411
ATCG00680-ATMG01100,,,,,,,,,503.16437,,,,,,,,,,,,503.16437,503.16437
ATCG00660-ATMG01100,,,289.58362,,,,,,424.8004,,,,,,,,,,,,424.8004,357.19201
ATCG01100-ATMG01100,,,,,,587.33374,,,,,,,,,,,,,,,587.33374,587.33374
ATCG01010-ATMG01100,,,,,,,,,281.24475,,187.72916999999998,,,,,,,,,,281.24475,234.48696
ATCG00700-ATMG01100,113.08388500000001,,,,,,,,,,,,,,,,,,,,113.08388500000001,113.08388500000001
ATCG00730-ATMG01100,,491.05093,155.78383,,,,,,,,,749.6432,,588.2478,,,,,,,749.6432,496.18144
ATCG00210-ATMG01100,,,,,,,336.8516,583.36505,,,249.73058999999998,810.8905599999997,,,,,,,,,810.8905599999997,495.20945
ATCG00330-ATMG01100,,1884.7399,303.41815,457.99197000000004,,,,,873.6296,240.32647999999998,550.251,535.6521,132.99632,158.16486,,262.36484,,,,,1884.7399,539.953522
ATCG00430-ATMG01100,,,,,,,,,,,145.43948,,,,,,,,,,145.43948,145.43948
ATCG01080-ATMG00400,,,,,,,,,,,353.31622000000016,,,,,,,,,,353.31622000000016,353.31622000000016
