edge,clr,aracne,grnboost,mrnet,tinge,wgcna
AT1G56600-AT4G17750,-1.130922,,,0.0,,3.70195095137994e-10
AT1G56650-AT4G14090,16.147772,0.41936957021683824,4831.726,0.060480178597722,0.284005,0.0405775305060169
AT1G28300-AT4G14560,-1.516202,,,0.0,,4.0791734784430794e-15
AT4G36920-AT5G20240,0.942351,,,0.00658560455219098,,4.55516445800996e-06
AT5G14960-AT5G22220,-1.59527,,,0.0,,1.1581353110655198e-09
AT5G60910-AT5G67110,-0.6399729999999999,,,0.0,,3.43573514638877e-09
AT5G60910-AT5G61850,-0.64059,,,0.0,,6.3037475321247e-12
AT5G57050-AT5G67300,0.5458970000000001,,,0.00381640491851141,,1.47617959110655e-05
AT5G56110-AT5G62380,1.7953880000000002,,,0.0,,5.69861404158625e-20
AT5G53460-AT5G61420,1.0272370000000002,,,0.0152213024882281,,5.62503098844145e-05
AT5G52830-AT5G65010,0.864714,,,0.007940908101051771,,1.34002698987424e-05
AT5G51990-AT5G52310,0.490423,,,0.000402776633236437,,4.27258369231473e-08
AT5G51600-AT5G61850,-0.889359,,,0.00030655236994118904,,1.13474427167401e-08
AT5G45980-AT5G59340,0.642788,,,0.00118383973612363,,6.44104671292363e-07
AT5G44420-AT5G67300,0.642898,,,0.00106072057693038,,1.49339347936508e-06
AT5G44420-AT5G62020,-0.725625,,,0.0,,9.83464302618908e-10
AT5G44420-AT5G47220,5.923739,,,0.0289537478429406,,0.0017345895567692196
AT5G40330-AT5G53200,-0.482127,,,0.0,,1.52751557892656e-07
AT5G37020-AT5G54510,-0.559891,,,0.0,,1.09637238497757e-12
AT5G35550-AT5G42800,-0.923183,,,0.0,,3.32736520520262e-19
AT5G23000-AT5G53950,-0.423889,,,0.000780181870759505,,4.40816158457766e-08
AT5G23010-AT5G61420,9.693899,,377.80212,0.0544267858814644,,0.0317567944368989
AT5G18560-AT5G61850,0.519355,,,0.000819212530428361,,1.68596515039046e-10
AT5G13790-AT5G45890,0.092372,,,0.0022446197073414,,1.7757503445410005e-07
AT5G12870-AT5G62380,2.957509,,,0.0021787514158649,,7.589104309576299e-07
AT5G12030-AT5G16820,-0.23818000000000006,,,0.0,,1.21619900352566e-07
AT5G11260-ATCG00270,-0.587755,,,0.0,,6.07099158367052e-10
AT5G11260-AT5G42800,-0.105668,,,0.000426904154497632,,1.99044544041102e-06
AT5G11260-AT5G13930,2.4696860000000003,,,0.0233575148199433,,0.000412795572507354
AT5G07700-AT5G23010,7.2747009999999985,,225.88132,0.0280735848343614,,0.0032704533381244802
AT5G07690-AT5G61420,10.137667,,566.9966,0.0711003779911822,,0.0597012576850157
AT5G07690-AT5G23010,13.289907,,695.7984,0.0787670829616157,,0.0515120551869521
AT5G06960-AT5G44420,0.048301,,,0.0,,1.00402117415398e-16
AT5G07100-AT5G60890,4.590454,,,0.0416396098148989,,0.00334635716253975
AT5G06100-AT5G61850,-1.741024,,,0.0,,2.57479161226389e-12
AT5G05730-AT5G60890,-0.112932,,,0.0,,1.98695242259593e-19
AT5G05410-AT5G59720,-0.168713,,,0.0,,7.446773770652269e-08
AT5G05410-AT5G52310,5.171702,,,0.0297215667018483,,0.00302091762707955
AT5G05410-AT5G52300,4.15696,,,0.0123362839264422,,0.000199167032382013
AT5G04560-AT5G48670,0.8578899999999999,,284.00858,0.000245994812142214,,3.32132136479269e-07
AT5G04560-AT5G48670,0.8578899999999999,,284.00858,0.000245994812142214,,1.2045464699015302e-06
AT5G04560-AT5G48670,0.8578899999999999,,284.00858,0.000245994812142214,,7.70812074329121e-06
AT5G04560-AT5G48670,0.8578899999999999,,284.00858,0.00357826485751054,,3.32132136479269e-07
AT5G04560-AT5G48670,0.8578899999999999,,284.00858,0.00357826485751054,,1.2045464699015302e-06
AT5G04560-AT5G48670,0.8578899999999999,,284.00858,0.00357826485751054,,7.70812074329121e-06
AT5G04560-AT5G48670,0.8578899999999999,,284.00858,0.0104390775265519,,3.32132136479269e-07
AT5G04560-AT5G48670,0.8578899999999999,,284.00858,0.0104390775265519,,1.2045464699015302e-06
AT5G04560-AT5G48670,0.8578899999999999,,284.00858,0.0104390775265519,,7.70812074329121e-06
AT5G04560-AT5G48670,0.289727,,284.00858,0.000245994812142214,,3.32132136479269e-07
AT5G04560-AT5G48670,0.289727,,284.00858,0.000245994812142214,,1.2045464699015302e-06
AT5G04560-AT5G48670,0.289727,,284.00858,0.000245994812142214,,7.70812074329121e-06
AT5G04560-AT5G48670,0.289727,,284.00858,0.00357826485751054,,3.32132136479269e-07
AT5G04560-AT5G48670,0.289727,,284.00858,0.00357826485751054,,1.2045464699015302e-06
AT5G04560-AT5G48670,0.289727,,284.00858,0.00357826485751054,,7.70812074329121e-06
AT5G04560-AT5G48670,0.289727,,284.00858,0.0104390775265519,,3.32132136479269e-07
AT5G04560-AT5G48670,0.289727,,284.00858,0.0104390775265519,,1.2045464699015302e-06
AT5G04560-AT5G48670,0.289727,,284.00858,0.0104390775265519,,7.70812074329121e-06
AT5G04560-AT5G48670,2.115005,,284.00858,0.000245994812142214,,3.32132136479269e-07
AT5G04560-AT5G48670,2.115005,,284.00858,0.000245994812142214,,1.2045464699015302e-06
AT5G04560-AT5G48670,2.115005,,284.00858,0.000245994812142214,,7.70812074329121e-06
AT5G04560-AT5G48670,2.115005,,284.00858,0.00357826485751054,,3.32132136479269e-07
AT5G04560-AT5G48670,2.115005,,284.00858,0.00357826485751054,,1.2045464699015302e-06
AT5G04560-AT5G48670,2.115005,,284.00858,0.00357826485751054,,7.70812074329121e-06
AT5G04560-AT5G48670,2.115005,,284.00858,0.0104390775265519,,3.32132136479269e-07
AT5G04560-AT5G48670,2.115005,,284.00858,0.0104390775265519,,1.2045464699015302e-06
AT5G04560-AT5G48670,2.115005,,284.00858,0.0104390775265519,,7.70812074329121e-06
AT5G03840-AT5G61850,-0.026869,,,0.0,,3.1259698848887597e-10
AT5G03680-AT5G06070,-0.5528609999999999,,,0.0,,4.69192720613281e-12
AT5G03790-AT5G61850,2.808049,,,0.0,,1.6561645613685498e-14
AT5G02200-AT5G11260,-0.773989,,,0.0,,2.92412441528072e-08
AT3G61910-AT5G56110,0.7453930000000001,,,0.0,,1.03784767448502e-12
AT3G61910-AT5G12870,-1.501753,,,0.0,,8.8131031478004e-14
AT3G61250-AT5G61850,-0.724336,,,0.00155786483656589,,8.43560373840357e-08
AT3G61250-AT5G13790,-1.200426,,,0.0,,7.979281106025611e-12
AT3G59030-AT5G35550,0.861632,,,0.000586673687854233,,6.2853541839129295e-09
AT3G58780-AT4G36920,0.18215,,,0.000160818593867284,,9.6371599049497e-09
AT3G58780-AT5G67110,-0.519623,,,0.00013355781534311398,,6.872653428471721e-09
AT3G58780-AT5G60910,-1.582533,,,0.0,,2.1937904511227897e-13
AT3G57390-AT5G13790,-0.27959,,,0.0,,1.74432752921128e-09
AT3G56400-AT5G44420,1.1049639999999998,,,0.00349978283235653,,2.47574025157504e-05
AT3G56400-AT3G57260,7.019634,,,0.0273788065385368,,0.0116617087833086
AT3G55730-AT5G47220,-0.590396,,,0.0,,3.54696812187202e-12
AT3G55730-AT5G07100,-0.307483,,,0.0,,2.41860906948226e-09
AT3G55370-AT5G53450,-0.134689,,,0.0,,6.60133554277796e-10
AT3G55370-AT3G56980,-0.804408,,,0.0,,6.985371674355061e-11
AT3G54320-AT5G15530,0.312746,,,0.0013964326459393699,,8.67531194450272e-08
AT3G54320-AT5G15530,0.312746,,,0.0013964326459393699,,5.79154616057293e-09
AT3G54320-AT5G15530,0.312746,,,0.0,,8.67531194450272e-08
AT3G54320-AT5G15530,0.312746,,,0.0,,5.79154616057293e-09
AT3G54320-AT5G15530,0.432486,,,0.0013964326459393699,,8.67531194450272e-08
AT3G54320-AT5G15530,0.432486,,,0.0013964326459393699,,5.79154616057293e-09
AT3G54320-AT5G15530,0.432486,,,0.0,,8.67531194450272e-08
AT3G54320-AT5G15530,0.432486,,,0.0,,5.79154616057293e-09
AT3G54320-AT5G52920,0.534432,,,0.00198558777868803,,4.0972507958805103e-07
AT3G54320-AT5G52920,0.534432,,,0.00198558777868803,,1.08697048911747e-05
AT3G54320-AT5G52920,0.534432,,,0.0115064268379353,,4.0972507958805103e-07
AT3G54320-AT5G52920,0.534432,,,0.0115064268379353,,1.08697048911747e-05
AT3G54320-AT5G52920,2.906815,,,0.00198558777868803,,4.0972507958805103e-07
AT3G54320-AT5G52920,2.906815,,,0.00198558777868803,,1.08697048911747e-05
AT3G54320-AT5G52920,2.906815,,,0.0115064268379353,,4.0972507958805103e-07
AT3G54320-AT5G52920,2.906815,,,0.0115064268379353,,1.08697048911747e-05
AT3G54320-AT5G49190,-0.383504,,,0.0,,5.56874096145509e-10
AT3G54320-AT5G49190,-0.383504,,,0.0,,4.12016584576798e-13
AT3G54320-AT5G49190,-0.383504,,,0.0,,5.56874096145509e-10
AT3G54320-AT5G49190,-0.383504,,,0.0,,4.12016584576798e-13
AT3G54320-AT5G49190,-1.007601,,,0.0,,5.56874096145509e-10
AT3G54320-AT5G49190,-1.007601,,,0.0,,4.12016584576798e-13
AT3G54320-AT5G49190,-1.007601,,,0.0,,5.56874096145509e-10
AT3G54320-AT5G49190,-1.007601,,,0.0,,4.12016584576798e-13
AT3G54340-AT5G20240,10.743549,0.14270304712242035,934.0415,0.0277856137432237,0.0501215,0.000154977946639242
AT3G54340-AT4G36920,-0.761502,,,8.831668573872829e-05,,1.7257762823769298e-08
AT3G54340-AT5G26340,1.149158,,,0.00174290063128127,,4.24720349722574e-07
AT3G54340-AT5G61850,4.958836,0.12001596657475565,,0.00577846513525789,0.029011500000000006,3.2791927347601007e-06
AT3G54340-AT5G56860,-0.9836,,,0.0,,8.11424524001938e-09
AT3G53200-AT5G53460,-0.986376,,,0.0,,1.1387307693608301e-10
AT3G50970-AT5G05410,6.845224000000001,,,0.0395919313773724,,0.00791854869049197
AT3G44750-AT5G17430,0.133435,,,0.00133246048810037,,3.85244900754864e-08
AT4G39950-AT5G60890,2.452064,,,0.0128002253841309,,0.000127101326880422
AT4G39780-AT5G53460,-0.919898,,,0.0,,1.07901649408128e-08
AT4G38680-AT5G13790,-0.836348,,,0.0,,2.17433482275403e-10
AT4G38620-AT5G13930,3.893781,,,0.0235132702511231,,0.0011561398052840099
AT4G38850-AT5G08130,0.186992,,,0.00141441629839386,,1.93305129068247e-06
AT4G37750-AT5G61850,0.606359,,,0.00622713729739819,,2.56565658070951e-06
AT4G37750-AT5G62000,-0.340475,,,0.00160107810236706,,1.17892848522708e-06
AT4G37750-AT5G60690,4.774465,,,0.0330982247979084,,0.00234275508692288
AT4G37750-AT5G23000,0.058776,,,0.0,,7.22559944690606e-10
AT4G37650-AT5G03150,2.095452,,,0.003603941756576,,2.6631068819868e-06
AT4G37770-AT5G62000,-0.986057,,,0.0,,6.95928760104898e-10
AT4G36260-AT4G36930,-1.771623,,,0.0,,2.28446988500593e-09
AT4G35900-AT5G10140,0.253874,,,0.0,,3.1302657846723104e-10
AT4G35770-AT5G20240,0.459992,,,0.0,,7.98078693790773e-23
AT4G35770-AT5G56860,-0.593956,,,0.0,,3.64356823036443e-12
AT4G35090-AT4G36730,-0.449201,,,0.0,,5.15010429031185e-08
AT4G34990-AT5G42800,1.876633,,,0.00965689480900252,,7.995094496658871e-05
AT4G34000-AT5G52300,6.027964,,138.41234,0.0183661108805635,,0.000328969192138515
AT4G34160-AT4G37750,10.192247,,240.08374,0.0611741436907175,,0.0296208899131093
AT4G33720-AT5G05410,-0.303336,,,0.0,,1.6707647349361298e-12
AT4G32880-AT5G11260,-0.755772,,,0.0,,7.16921805274647e-20
AT4G32880-AT4G37650,3.5720629999999995,,,0.0136087566309223,,2.1829486493141606e-05
AT4G32980-AT5G10140,-0.7256090000000001,,,0.0,,1.94671311766101e-18
AT4G31500-AT5G61420,0.8971450000000001,,,0.0,,2.41184603986659e-05
AT4G31500-AT5G60890,1.230892,,,0.00347065449743413,,7.27153864204783e-05
AT4G31550-AT5G42650,3.4801620000000004,,,0.0312205819061301,,0.000635113562364572
AT4G30190-AT4G37180,0.30222,,,0.0018530035920380399,,3.9501314248835606e-06
AT4G30190-AT4G36540,-0.410654,,,0.0,,1.19818729674946e-08
AT4G30270-AT5G20240,-0.524896,,,0.0,,1.3839898017723199e-08
AT4G30270-AT5G56860,-0.5557,,,0.0,,1.07740778799976e-09
AT4G28720-AT5G17300,3.623963,,,0.00513988226288226,,7.88770472370859e-06
AT4G28110-AT5G14340,0.31797600000000004,,,0.00081405771015592,,4.56124102116304e-09
AT4G27330-AT4G36920,0.583639,,,0.0045346181390332795,,1.6195149706761699e-06
AT4G27330-AT5G25620,-0.671146,,,0.0,,8.795486425211438e-14
AT4G27330-AT5G65700,-0.678654,,,0.00039911974043555,,1.75813528755168e-07
AT4G27330-AT5G07280,-0.441616,,,0.0,,1.25264483264786e-10
AT4G27330-AT4G39400,-0.040093,,,0.0026349323487286397,,1.9386887233001498e-07
AT4G27330-AT4G37750,-1.556013,,,0.0,,6.78991354626182e-09
AT4G27330-AT4G32540,-0.977262,,,0.0,,5.98589209174995e-09
AT4G27410-AT5G51070,5.255132,,,0.0501376978613942,,0.00881430688303255
AT4G26080-AT5G67300,0.7968609999999999,,,0.00606457049602801,,8.11112583472399e-05
AT4G26150-AT5G20240,0.067416,,,0.0,,5.97784915663709e-10
AT4G26150-AT5G26340,1.175255,,,0.00212031707459725,,1.04830747215153e-05
AT4G26150-AT4G35770,1.586453,,,0.00146390441503366,,2.19655123051388e-05
AT4G26150-AT4G30270,0.34281300000000003,,,0.00244296664392018,,5.03042671104165e-06
AT4G25480-AT5G17490,2.979219,,,0.0134350424791684,,0.000106748685027411
AT4G25480-AT5G25610,2.435614,,,0.0215826862835569,,0.000217674872469639
AT4G25480-AT5G59820,-0.15419000000000002,,,0.0,,7.53460378256441e-09
AT4G25480-AT5G52310,16.492179999999998,,2146.29,0.0732436252010813,,0.0513843745904631
AT4G25490-AT5G17490,2.492683,,,0.00326563568948664,,2.8865405351843202e-05
AT4G25490-AT5G59820,3.24884,,,0.031864489939946,,0.0005032261951688652
AT4G25490-AT5G52310,7.429917999999999,,239.88799,0.0358857289089729,,0.00268801110004544
AT4G25470-AT5G17490,2.039974,,,0.00123180206895146,,5.6707789869136595e-06
AT4G25470-AT5G59820,4.226305,,,0.0396481687985259,,0.0011993407654532198
AT4G25470-AT5G52310,7.0170759999999985,,,0.0242101668773447,,0.000653454477709626
AT4G25470-AT5G13790,1.112048,,,0.000156201813348378,,2.4520424039618002e-09
AT4G25470-AT4G25480,19.953163,0.3986543298747381,5834.684,0.104581405019548,0.274278,0.0548441061327967
AT4G25470-AT4G25490,30.062672,0.4515418679374914,10981.412,0.267256056339145,0.384151,0.0896298640665863
AT4G24540-AT5G61850,-1.829705,,,0.0,,1.98623803007844e-11
AT4G22680-AT5G12870,-1.100157,,,0.0,,2.28680648334147e-11
AT4G21750-AT4G27330,-0.59863,,,0.0,,3.10203724252743e-16
AT4G20380-AT5G61900,1.351173,,,0.0156617698806675,,0.0008559746799212518
AT4G20370-AT5G15840,-0.28096,,,0.0,,3.766990116086621e-09
AT4G20370-AT5G10140,3.227695,,,0.0,,1.00615650069393e-12
AT4G18960-AT4G36920,-0.924134,,,0.000294053358530139,,8.268986638487659e-09
AT4G18960-AT5G61850,-0.4880020000000001,,,0.0,,4.94875155953612e-14
AT4G18960-AT5G41410,0.300552,,,0.0,,1.05441920221093e-08
AT4G18960-AT5G35770,2.125298,,,0.00142037174707447,,1.9103495587614103e-07
AT4G18960-AT5G10510,-0.198766,,,0.0031680725703615,,3.6950429660136005e-08
AT4G18960-AT5G06070,-0.179954,,,0.00133948366580775,,1.32748314412368e-08
AT4G18960-AT4G37750,0.311025,,,0.0,,5.42519965917454e-08
AT4G18960-AT4G32980,-0.14884,,,0.0,,1.67222583602495e-10
AT4G18960-AT4G28520,-0.463225,,,0.0018518277761506,,1.8391680027234598e-08
AT4G18960-AT4G27330,1.865546,,,0.00155362175308435,,8.22990152533414e-10
AT4G18960-AT4G24540,-0.374761,,,0.00140270883800069,,2.42277238840564e-10
AT4G13770-AT5G61420,12.511045,0.4680883393191225,1409.5088,0.0766718762965659,0.343324,0.107808647933612
AT4G13770-AT5G07690,13.603513,,690.82623,0.0596073222580213,,0.113534205431045
AT4G13260-AT5G43270,-1.35006,,,0.0,,5.67893387000232e-10
AT4G13260-AT4G27330,0.461099,,,0.00218067686441765,,2.0972907749741107e-07
AT4G11280-AT5G62000,0.028897000000000006,,,0.0,,2.89994595461572e-06
AT4G10040-AT4G36730,-0.07886699999999999,,,0.0,,1.00001632954301e-05
AT4G09960-AT4G18960,0.447528,,,0.0013628659476573,,7.16589239044827e-08
AT4G09820-AT5G67420,0.7907310000000001,,,0.00150111579603397,,8.86624435528255e-06
AT4G09820-AT5G42800,25.798861,0.3667489054397644,7393.355,0.16213590985051698,0.244679,0.0332246292706259
AT4G09820-AT5G35550,-0.554719,,,6.6367101687138e-05,,5.4190301754401714e-09
AT4G09820-AT4G37540,-0.158255,,,0.0,,8.718806787931678e-12
AT4G08150-AT4G36870,0.8280639999999999,,,0.00226626421520529,,2.34966980652815e-07
AT4G08150-AT4G25420,1.938566,,,0.00361095978384605,,1.7758543698017501e-06
AT4G05100-AT4G28110,0.230809,,,0.0,,1.2153718158745699e-11
AT4G03060-AT5G61420,11.112597,0.4857693718122285,2177.8247,0.10531707500794,0.347322,0.0404640261608179
AT4G02560-AT5G61850,-0.8345030000000001,,,0.0,,5.9803071374414915e-12
AT4G02560-AT5G10140,0.025439,,,0.0,,4.78954991590985e-11
AT4G00340-AT4G31800,0.351625,,,0.00633984568766221,,4.49613699144897e-06
AT4G00220-AT5G67260,-1.513147,,,0.0,,6.78375637169541e-11
AT4G00220-AT4G34160,-1.435332,,,0.0,,1.06319960285513e-11
AT4G00220-AT4G08150,-0.4478140000000001,,,0.0,,1.30834634890619e-09
AT4G00180-AT5G60910,-0.886684,,,0.0,,2.43739780943748e-09
AT4G00180-AT4G37750,1.26031,,,0.009320028140874341,,0.000197584408853336
AT1G18570-AT4G39950,1.311684,,,0.0120394340046228,,4.5978143161935797e-05
AT1G18570-AT4G39980,-0.538093,,,0.0,,3.4230715993382103e-12
AT1G18570-AT4G31500,3.260129,,,0.0267992117570591,,0.0011105733925829099
AT1G19850-AT4G37770,0.306239,,,0.00198981046798466,,1.14554779318948e-06
AT1G19850-AT4G32880,6.991549000000001,0.1945570834937236,216.14307,0.0320811252305346,0.102162,0.000969742446526624
AT1G19850-AT4G11280,0.586255,,,0.0015268997856026,,6.97091628088235e-06
AT1G19670-AT3G56400,0.211274,,,0.0019652763849668103,,3.0524190602781007e-06
AT2G33310-AT5G62000,-0.434789,,,0.00248768301931937,,2.25317411175839e-06
AT2G33380-AT4G27410,7.890005,,142.33551,0.055195777123525004,,0.00828240915278522
AT2G40550-AT5G22220,-1.213523,,,0.0,,6.53423755209304e-08
AT1G12610-AT5G17490,0.133805,,,0.0016688473827760901,,6.49955505913965e-07
AT1G12610-AT5G52310,0.114298,,,0.0,,2.52804443868347e-08
AT1G22015-AT5G48670,0.269971,,,0.0,,8.62959751496039e-15
AT1G19220-AT4G14550,1.362467,,,0.00505435617529085,,1.74172647977259e-05
AT1G19220-AT3G58190,-0.398472,,,0.000757080095052168,,8.689367052833572e-08
AT1G19220-AT4G37650,1.404511,,,0.0017751433023257,,5.55744045080334e-06
AT1G19250-AT4G20380,-0.424479,,,0.0,,5.47148853736577e-07
AT1G58290-AT5G11260,0.5804229999999999,,,0.0009924559767237686,,2.00456279641779e-05
AT1G51700-AT5G15840,2.105243,,,0.00540359899836516,,1.35128834070019e-05
AT1G51680-AT4G38620,3.61174,,,0.0166138366815951,,0.000825296465988164
AT3G12580-AT5G05410,4.9946480000000015,,418.6643,0.0229677622578059,,0.000671241180851744
AT3G12580-AT4G34000,7.932641999999999,,,0.043905472696772,,0.00667516739054423
AT3G12580-AT4G25480,0.340326,,,0.0,,7.5773872882025e-07
AT3G12250-AT5G44420,-0.358542,,,0.0,,1.59371225082315e-08
AT1G69490-AT5G20240,-0.619193,,,0.000438567286656405,,2.7561623176984703e-08
AT1G69490-AT5G53460,0.077856,,,0.000265718437326912,,1.10220405697403e-06
AT1G69490-AT5G52310,1.4207809999999998,,,0.0019650660148515303,,6.372554601421011e-05
AT1G69490-AT3G54340,0.414348,,,0.0,,6.807501898735571e-12
AT1G69490-AT3G47340,4.995602,,,0.0235982360051135,,0.00408710372345907
AT3G28510-AT5G28770,0.111169,,,0.000887340001351034,,3.36392829563578e-06
AT3G28510-AT4G37180,-0.242909,,,0.0,,3.6297763466615296e-09
AT3G28510-AT4G36540,0.597971,,,0.00580539294537243,,5.53710032480453e-05
AT3G28510-AT5G29000,-0.338553,,,0.0,,3.5910499573531787e-07
AT3G28510-AT5G66730,-0.490849,,,0.0,,6.80133820511083e-07
AT3G28510-AT5G61590,-0.401979,,,0.0,,6.217178484235638e-08
AT3G28510-AT5G61420,-0.804281,,,0.0,,2.00168328130083e-10
AT3G28510-AT5G60890,-0.124635,,,0.0,,1.96281475669376e-06
AT3G28510-AT5G59450,0.585724,,,0.000816670022907761,,2.54947495551137e-05
AT3G28510-AT5G46590,-0.06389700000000001,,,0.0,,1.70536568207911e-08
AT3G28510-AT5G10030,0.14538199999999998,,,0.00102753138666424,,7.051396256925e-07
AT3G28510-AT5G07680,0.507549,,,0.0006196259523553661,,7.454461906679571e-08
AT3G28510-AT3G53200,1.331136,,,0.00226462311323246,,3.46159379399791e-07
AT3G28510-AT4G24060,-0.4568,,,0.0,,1.80873820735349e-08
AT3G28510-AT4G13480,0.13908299999999998,,,0.0,,1.06708454399258e-12
AT3G11980-AT5G56110,0.167686,,,0.000459152453439305,,7.02681612182356e-08
AT3G22231-AT5G15840,-0.180651,,,0.0,,1.04031757583056e-11
AT3G16857-AT5G62920,-0.776307,,,0.0,,5.6081087560332e-07
AT3G16857-AT5G62920,-0.776307,,,0.0,,9.16161229615341e-12
AT3G16857-AT5G62920,-0.776307,,,0.0,,5.6081087560332e-07
AT3G16857-AT5G62920,-0.776307,,,0.0,,9.16161229615341e-12
AT3G16857-AT5G62920,-1.343059,,,0.0,,5.6081087560332e-07
AT3G16857-AT5G62920,-1.343059,,,0.0,,9.16161229615341e-12
AT3G16857-AT5G62920,-1.343059,,,0.0,,5.6081087560332e-07
AT3G16857-AT5G62920,-1.343059,,,0.0,,9.16161229615341e-12
AT3G22960-AT3G54320,-0.358403,,,0.0,,1.92980951045518e-10
AT3G22960-AT3G54320,-0.358403,,,0.0,,1.97676431610575e-07
AT3G22960-AT3G54320,-0.358403,,,0.00196617816539935,,1.92980951045518e-10
AT3G22960-AT3G54320,-0.358403,,,0.00196617816539935,,1.97676431610575e-07
AT3G22960-AT3G54320,-0.13176,,,0.0,,1.92980951045518e-10
AT3G22960-AT3G54320,-0.13176,,,0.0,,1.97676431610575e-07
AT3G22960-AT3G54320,-0.13176,,,0.00196617816539935,,1.92980951045518e-10
AT3G22960-AT3G54320,-0.13176,,,0.00196617816539935,,1.97676431610575e-07
AT3G15170-AT4G32980,-0.18458,,,0.00204399033944154,,3.97115660761825e-07
AT3G24650-AT4G16160,-0.28974,,,0.0,,1.07277227621033e-08
AT3G24650-AT3G51810,-1.089986,,,0.0,,8.31619506014545e-12
AT3G24650-AT5G67030,1.100687,,,0.00126865991043815,,4.13919150975903e-07
AT3G24650-AT5G66400,-0.803574,,,0.0,,2.73941139659405e-12
AT3G24650-AT5G56270,-0.276109,,,0.0036179390747559897,,3.4210776083332294e-06
AT3G24650-AT5G54070,-1.867685,,,0.00042557625567236603,,6.1360989760371604e-09
AT3G24650-AT5G52310,-0.13069,,,0.0,,4.11129165184152e-13
AT3G24650-AT5G03840,-1.129954,,,0.0,,9.535941064525608e-13
AT3G24650-AT3G54320,0.03272,,,0.000340877543235974,,7.57377803511082e-09
AT3G24650-AT3G54320,0.03272,,,0.000340877543235974,,8.62433738096053e-20
AT3G24650-AT3G54320,0.03272,,,0.0,,7.57377803511082e-09
AT3G24650-AT3G54320,0.03272,,,0.0,,8.62433738096053e-20
AT3G24650-AT3G54320,-0.81138,,,0.000340877543235974,,7.57377803511082e-09
AT3G24650-AT3G54320,-0.81138,,,0.000340877543235974,,8.62433738096053e-20
AT3G24650-AT3G54320,-0.81138,,,0.0,,7.57377803511082e-09
AT3G24650-AT3G54320,-0.81138,,,0.0,,8.62433738096053e-20
AT3G24650-AT4G34000,-0.7056680000000001,,,0.0,,7.4106851850701e-10
AT3G24650-AT4G27160,-0.293397,,,0.0,,5.1628535538272715e-15
AT3G24650-AT4G27140,-0.61131,,,0.0,,8.61535187375693e-11
AT3G23290-AT5G53950,-0.8435159999999999,,,0.0,,1.1472374257386002e-09
AT3G15210-AT5G66400,-0.059588,,,0.0018517859585817106,,8.65504097834933e-06
AT3G15210-AT5G57050,0.850598,,,0.00205812980438651,,1.41124946891124e-05
AT3G15210-AT5G52300,-0.195392,,,6.0492625602508304e-05,,1.53907779203458e-07
AT3G15210-AT5G44420,2.293877,,,0.016047781897898,,0.00014580020779066398
AT3G28910-AT4G33790,-1.270761,,,0.0,,1.3461888587718401e-11
AT3G24310-AT5G53460,1.608591,,,0.0,,2.13630459565182e-08
AT3G24310-AT4G30190,-0.5436979999999999,,,0.0,,5.1031106513609003e-14
AT3G27920-AT5G53200,0.29940500000000003,,,0.00245793987606331,,9.53750476974752e-07
AT3G27920-AT5G06650,-0.963415,,,0.0,,1.8102676731032902e-12
AT3G27920-AT3G58070,-0.112317,,,0.00295408026854751,,3.00126776783306e-06
AT3G30775-AT3G54620,3.670454,,,0.0333557802281703,,0.005185750380383
AT2G40750-AT4G31550,3.0908580000000003,,,0.023055236778016,,0.000572482402463117
AT1G31320-AT3G28510,0.235827,,,3.71764290873636e-05,,5.868449869157839e-07
AT1G49620-AT3G50410,1.515887,,,0.0048332098257326895,,3.37216271851642e-06
AT1G01380-AT5G14750,0.455616,,,0.0,,2.2221905513266103e-16
AT1G01380-AT3G27920,3.654655,,,0.00542580507825558,,3.89206060035214e-06
AT3G25710-AT5G42800,-0.160053,,,0.0,,1.21045586526382e-07
AT3G23050-AT5G11260,0.24452,,,0.0,,1.96204577252422e-08
AT3G28470-AT5G56110,1.493906,,,0.0,,3.1323506804644e-08
AT3G23130-AT5G20240,-1.670365,,,0.0,,7.82774563836288e-13
AT3G23130-AT5G61850,-0.194698,,,0.0,,1.8268011842169105e-09
AT3G23130-AT3G54340,-1.006262,,,0.0,,3.03730528883002e-10
AT3G23130-AT4G18960,-1.58386,,,0.0,,2.47303299246837e-10
AT3G23250-AT4G25480,-0.388971,,,0.0,,1.92987511692228e-08
AT3G23250-AT4G25490,0.147336,,,0.0005627504943382809,,9.161178411285679e-07
AT3G23250-AT4G25470,-0.031056,,,0.0,,3.3568047018358604e-09
AT3G23240-AT4G16110,-0.5333479999999999,,,0.0,,4.08022569482293e-09
AT3G23240-AT5G21120,-0.732467,,,0.0,,1.30735139682821e-09
AT3G23240-AT4G36920,-1.001999,,,0.0,,3.11054588528465e-26
AT3G20770-AT5G25350,4.591554,,,0.0411042629594388,,0.00719547109818936
AT3G20770-AT5G54190,-0.971127,,,0.0,,5.036133480891309e-08
AT3G20770-AT5G47220,0.651049,,,0.00829365844195726,,9.06382105364495e-05
AT3G20770-AT5G47230,-0.481555,,,0.0,,1.0100417665490196e-09
AT3G20770-AT5G44420,-0.069006,,,0.0,,1.71869387287685e-08
AT3G20770-AT4G27440,-0.454478,,,0.0,,1.9250778635050702e-10
AT3G20770-AT3G23240,-0.130679,,,0.0,,1.3558875543302699e-08
AT3G19290-AT5G52300,2.050025,,,0.00976773347218436,,5.22443514391964e-05
AT3G19290-AT3G24650,-0.4304560000000001,,,0.0,,3.9904166167388584e-09
AT3G13890-AT5G17420,-1.216935,,,0.0,,1.27359536735727e-15
AT3G13890-AT5G54690,-2.04447,,,5.9991533082186e-05,,3.7760599668793597e-10
AT3G13890-AT3G61910,1.396744,,,0.0,,2.96122831535668e-11
AT3G13890-AT4G18780,-1.854025,,,0.0,,7.130737558565557e-11
AT3G26790-AT3G51810,-0.867237,,,0.00036060716044792,,4.09398857943897e-10
AT3G26790-AT5G67300,-0.539882,,,0.0,,1.30199434585299e-10
AT3G26790-AT5G66400,-1.112884,,,0.0,,6.895962718220369e-09
AT3G26790-AT5G24520,1.215209,,,0.00146530320326835,,1.8360132994022802e-07
AT3G26790-AT4G27160,1.276033,,,0.0,,3.01328805266471e-09
AT3G23430-AT4G04450,-0.999964,,,0.0,,6.94969744067321e-19
AT3G22840-AT5G11260,5.004269,,,0.0325435231608691,,0.00239157243201335
AT3G17520-AT5G05410,3.819702,,317.5437,0.00723997958717579,,3.1522982710776395e-05
AT3G17609-AT5G13930,6.575272999999998,,247.66003,0.036930991284861,,0.0114136200368013
AT3G17609-AT3G47430,4.490253,,,0.0288360612319074,,0.00347293163825678
AT3G17609-AT3G28510,0.198812,,,0.00131165431658009,,8.84762123948187e-06
AT3G17609-AT3G22840,11.120211,,713.7593,0.0518074002871796,,0.0466858060706208
AT3G15510-AT4G33150,0.592012,,,0.005593487370770271,,1.53772745154356e-05
AT3G15500-AT5G51070,4.510082,,,0.0431938345412848,,0.00426854385030178
AT3G15500-AT3G45140,-0.041108,,,0.000251928141898226,,4.8618033123967e-06
AT3G16770-AT4G36920,-0.5469930000000001,,,0.0,,1.0324866133109697e-09
AT3G16770-AT5G44420,0.34048,,,0.00315026056308406,,1.04515372090086e-06
AT3G16770-AT3G23240,-0.588695,,,0.0,,8.405549276720198e-22
AT3G22370-AT5G26660,-0.42716,,,0.0,,4.324654149801789e-09
AT3G22370-AT3G24650,-1.331401,,,0.0,,2.13847706242436e-18
AT3G22370-AT3G27810,-0.02213,,,0.0,,5.16961713557526e-12
AT3G22370-AT3G27810,-0.02213,,,0.0,,5.5435075280133e-19
AT3G22370-AT3G27810,-0.02213,,,0.0,,5.16961713557526e-12
AT3G22370-AT3G27810,-0.02213,,,0.0,,5.5435075280133e-19
AT3G22370-AT3G27810,-1.026797,,,0.0,,5.16961713557526e-12
AT3G22370-AT3G27810,-1.026797,,,0.0,,5.5435075280133e-19
AT3G22370-AT3G27810,-1.026797,,,0.0,,5.16961713557526e-12
AT3G22370-AT3G27810,-1.026797,,,0.0,,5.5435075280133e-19
AT3G06490-AT5G40350,-1.030682,,,0.0,,5.6860602505479296e-11
AT3G06490-AT3G27810,1.7150450000000002,,,0.0,,1.59467320706848e-10
AT3G06490-AT3G27810,1.7150450000000002,,,0.0,,6.7545119390874105e-09
AT3G06490-AT3G27810,1.7150450000000002,,,0.0,,1.59467320706848e-10
AT3G06490-AT3G27810,1.7150450000000002,,,0.0,,6.7545119390874105e-09
AT3G06490-AT3G27810,-0.365749,,,0.0,,1.59467320706848e-10
AT3G06490-AT3G27810,-0.365749,,,0.0,,6.7545119390874105e-09
AT3G06490-AT3G27810,-0.365749,,,0.0,,1.59467320706848e-10
AT3G06490-AT3G27810,-0.365749,,,0.0,,6.7545119390874105e-09
AT3G04120-AT4G36540,2.248459,,,0.0353982338692027,,0.000750867527590612
AT3G09640-AT5G16820,-0.477034,,,0.00097662366559137,,1.2443573364366698e-07
AT3G04720-AT5G47220,5.790473,,155.49748,0.0326173866641244,,0.00764047388952924
AT3G04670-AT3G24500,-0.454871,,,0.0,,8.588152254076659e-15
AT3G01420-AT4G36540,-0.119907,,,0.0,,4.6965242239896795e-07
AT3G01420-AT5G61420,0.219301,,,0.00594096776350582,,1.21520301182544e-05
AT3G01420-AT5G37260,-0.646227,,,0.0,,4.49126289939967e-09
AT3G01420-AT4G36060,-0.583076,,,0.0,,6.28532696510518e-08
AT3G03450-AT3G24650,-1.3206639999999998,,,0.0,,1.07660943794375e-08
AT3G11410-AT5G67300,5.748718,0.2111820458717474,352.605,0.0311367975245287,,0.0018376693139696696
AT3G11410-AT4G34000,13.899886,,513.6471,0.0778877282681084,0.21149,0.0212566578090935
AT3G11410-AT4G25480,2.9443490000000003,,,0.0200059346972288,,0.00018604470793632098
AT3G11410-AT3G24650,-0.678315,,,0.0,,3.8593126082174585e-12
AT3G07650-AT5G15840,12.365154,,1408.6318,0.0471487880392666,,0.00518139679526629
AT3G01220-AT3G01420,-0.825046,,,0.0,,6.97081418124905e-13
AT1G13260-AT4G25470,14.566865,0.31186712580883363,3447.5605,0.0806382146588289,0.205219,0.0261274304214632
AT1G69120-AT2G45190,-0.30767,,,0.000716765756927138,,4.91133189730458e-08
AT1G69120-AT4G25530,0.867925,,,0.0,,1.5076388407812602e-08
AT1G69120-AT4G16280,-0.796162,,,0.0,,4.0969930326753395e-12
AT1G69120-AT5G20240,6.3259120000000015,,,0.00810661899187428,,1.96745584447399e-05
AT1G69120-AT5G15840,-0.030088,,,0.000455284999959732,,3.86251599064013e-08
AT1G69120-AT5G61850,5.074172,,,0.00530047358972233,,2.28529079953406e-06
AT1G69120-AT5G60910,1.553461,,,0.005155718739579871,,2.50566794919395e-06
AT1G69120-AT5G03840,5.195892,,158.05652,0.0056319433728645295,,7.5343293207382295e-06
AT1G69120-AT3G54340,15.537853,0.1600344585269962,242.16132,0.008250102756560709,0.07601849999999999,1.58365920784394e-05
AT1G69120-AT4G35900,3.518305,,,0.0075391954314859,,6.88254274417722e-07
AT1G69120-AT4G24540,0.874617,,,0.00569256909523844,,4.33601149987135e-06
AT1G69120-AT4G18960,2.561647,,,0.00670197978420807,,3.6432278543684997e-06
AT1G02340-AT4G16780,14.983224,0.24939101043947545,3840.8784,0.0571128646068413,0.179992,0.0124639055045679
AT1G02340-AT5G13930,0.481548,,,0.000645505717477601,,8.837572004900707e-06
AT1G01470-AT5G05410,7.997283,,,0.0592961057418158,,0.0128908717484287
AT1G01530-AT4G16280,-0.74551,,,0.000227848022812146,,2.4012495911706294e-08
AT1G01530-AT4G02560,0.256204,,,0.00292699567589643,,3.44021003165621e-07
AT1G01480-AT5G62000,-0.5297229999999999,,,0.0,,1.5034565219235806e-08
AT1G01480-AT1G19850,-0.6994630000000001,,,0.0,,6.0891472671587695e-12
AT1G02400-AT5G13790,-1.419129,,,0.0,,2.4826461584984e-10
AT1G02400-AT4G25490,1.1849459999999998,,,0.0138788240951624,,9.76445981213262e-05
AT1G20450-AT4G25480,13.589583,,640.3187,0.0575196106779777,,0.0332293680036549
AT1G20630-AT4G25490,1.942581,,,0.00418656045795323,,3.54662127006025e-05
AT1G20630-AT4G20380,0.732795,,,0.00120200523125497,,5.8127780988298996e-05
AT1G12370-AT5G11260,4.304593,,,0.018487899822149,,0.00080672310801006
AT1G12370-AT3G17609,8.680591,,1034.0737,0.058951044687136,,0.0197529350320939
AT1G20440-AT4G25480,9.555475,,,0.0500071876756563,,0.0159374122437821
AT1G20440-AT4G25490,11.015027,,228.57135,0.0520520794594527,,0.0113539518280278
AT1G28130-AT5G37020,1.700954,,,0.0005006381342841232,,5.72782442011395e-06
AT1G77760-AT4G36540,-0.4996350000000001,,,0.0,,1.65808697373986e-09
AT1G77760-AT5G62430,2.756932,,,0.0107347564904563,,0.000246054797823354
AT1G77760-AT5G61420,0.09025,,,0.0,,1.3256596272426897e-08
AT1G77760-AT5G57660,5.386456,,,0.0110437301993724,,0.00032747960111087097
AT1G77760-AT5G52830,4.001164,,,0.0162387778244059,,0.000123407711550383
AT1G77760-AT5G18270,1.0075459999999998,,,0.0004052315163161471,,1.64190995560427e-06
AT1G77760-AT4G13480,-0.049125,,,0.000413082160425187,,2.6146628699403505e-08
AT1G77760-AT3G02830,1.993559,,,0.00377579357512065,,8.910414986834879e-05
AT1G71030-AT5G42800,-0.184244,,,0.0,,4.871820602408378e-07
AT1G71030-AT5G35550,0.492982,,,0.00157620961191648,,2.2216650210323301e-07
AT1G71030-AT4G09820,-0.463745,,,0.0,,6.354490290408901e-09
AT1G71030-AT3G13540,0.22495,,,0.000302649940543933,,1.56324806750418e-08
AT1G64280-AT4G31800,5.352441000000002,,,0.0318066629653654,,0.010077334626883002
AT1G72260-AT5G47220,-0.27776100000000004,,,0.000993988681413003,,1.34165132068071e-07
AT1G69600-AT5G52310,-0.189959,,,0.0,,9.175681078373479e-13
AT1G69600-AT5G51070,-0.266573,,,0.0,,8.34658720641822e-10
AT1G69600-AT4G37370,-0.941835,,,0.0,,3.26574870532162e-13
AT1G69600-AT4G02380,0.379255,,,0.0,,1.4886387345311498e-11
AT1G73590-AT5G42630,-1.945181,,,0.0,,4.65939963064306e-11
AT1G73590-AT5G16560,0.032001,,,0.0064091150939036895,,1.03487664947965e-05
AT1G73590-AT4G00220,-0.931314,,,0.0,,7.26559627587972e-20
AT1G72770-AT5G67300,0.653646,,,0.005373423754068411,,4.8025571930879496e-05
AT1G75040-AT3G56400,8.211739,,,0.0358463101564722,,0.0149330653119048
AT1G75040-AT4G31800,3.309917,,,0.0317309439114087,,0.00166285574074621
AT1G34370-AT5G07440,6.230413,,,0.0565730806990295,,0.0317614025986312
AT1G34370-AT3G22200,2.418804,,,0.0264508268554442,,0.00171972750622665
AT1G76580-AT5G41670,1.866522,,,0.0014927644174160901,,0.00016155669654719396
AT1G76420-AT5G61850,1.257845,,,0.0,,2.4111664663373e-08
AT1G76420-AT5G53950,3.4599550000000003,,,0.00047437448068884404,,4.11197821551273e-10
AT1G76420-AT3G15170,-0.8055760000000001,,,0.0,,1.58813167761436e-09
AT1G73730-AT5G60890,0.150513,,,0.0015168067391977,,7.29601622157003e-06
AT1G73730-AT5G43780,-0.35982600000000003,,,0.0,,1.2404018472311899e-07
AT1G73730-AT3G56040,-1.0219280000000002,,,0.0,,1.1289001413149001e-13
AT1G73730-AT4G39950,-0.354953,,,0.0,,6.86212197864112e-08
AT1G73730-AT4G31500,-0.292124,,,0.000360043583813358,,2.20465485104567e-07
AT1G73730-AT3G19710,-0.620059,,,0.0,,2.13402455471042e-08
AT1G52880-AT5G61850,1.550215,,,0.00789908222142659,,4.7123367965321e-06
AT1G79840-AT4G36920,-0.60454,,,4.23365828018901e-05,,1.62246621664562e-07
AT1G79840-AT5G14750,0.31961100000000003,,,0.0,,3.34200344290934e-12
AT1G79840-AT5G53200,-1.060508,,,0.0,,1.1604951886474904e-13
AT1G79840-AT5G40330,21.361254,0.24410414492841695,2244.7607,0.103739148354316,0.173144,0.004665915838287221
AT1G79840-AT5G35550,0.015805,,,0.000494414286410976,,1.33409063034146e-08
AT1G79840-AT4G09820,0.750437,,,0.0,,6.10050595666092e-08
AT1G79840-AT3G13540,1.331634,,,0.00458980158439273,,3.3024360091532693e-06
AT1G79840-AT3G27920,9.204724,,190.07446,0.0059049700724752106,,0.000100581291909029
AT1G79840-AT3G16785,-0.364771,,,0.0,,3.21484748079312e-15
AT1G71930-AT5G17420,3.3125730000000004,,114.666954,0.0128342898878048,,4.55474126788675e-05
AT1G71930-AT5G56110,-0.314157,,,0.0,,6.41968725178041e-13
AT1G71930-AT5G12870,1.409244,,,0.0038078388537465297,,4.16196218978482e-07
AT1G52890-AT5G52300,2.868687,,,0.0131392283727321,,0.000131729003181102
AT1G52890-AT5G51070,4.624193,,,0.046352969194558,,0.00810962504111872
AT1G52890-AT3G45140,0.600545,,,0.00497253076745114,,7.20283089749104e-06
AT1G74650-AT5G53460,-0.806527,,,0.000996361903244399,,1.66776617662457e-08
AT1G74650-AT5G37600,0.407397,,,0.0019753342879332398,,2.8284217330498303e-08
AT1G74650-AT3G28510,0.445671,,,0.0013407769580539401,,7.802637479388561e-08
AT1G74650-AT3G01420,-1.575117,,,0.000151781901729157,,5.4795467651623e-09
AT1G63650-AT5G53200,0.782987,,,0.0027016742074723807,,9.24848115821548e-06
AT1G63650-AT5G13930,3.261141,,139.29214,0.0234505910935684,,0.00044302792249160803
AT1G63650-AT5G08640,3.302546,,,0.023401697739359,,0.0005853278972627638
AT1G63650-AT5G07100,3.835174,,,0.0274570380228247,,0.0008434087854857482
AT1G63650-AT4G09820,1.664629,,,0.00390930782673956,,2.46269477273633e-05
AT1G63650-AT1G71030,-0.5105390000000001,,,0.0,,2.62590072813315e-08
AT1G63650-AT1G79840,3.497368,,,0.00014868432124368102,,5.8459265575725095e-06
AT1G74310-AT5G54070,0.232697,,,0.00113986450757212,,1.56651666628664e-08
AT1G68480-AT5G61850,0.087756,,,0.00185332352371313,,3.51619914129662e-08
AT1G68480-AT1G69120,-0.414771,,,0.0,,2.03873648093392e-10
AT1G80340-AT4G36930,-0.631883,,,0.0,,3.81478079788058e-11
AT1G80340-AT3G26790,-0.5771850000000001,,,0.000712001335928582,,4.0372343929288296e-08
AT1G70510-AT4G18960,0.946628,,,0.0,,1.8827656220593999e-19
AT1G69180-AT5G20240,7.319475,,474.4926,0.014649279951215,0.0330134,4.50089629135669e-05
AT1G69180-AT4G36920,-0.5651729999999999,,,0.0,,1.8740866111002107e-09
AT1G69180-AT5G61850,-0.718947,,,0.0,,2.82176247731945e-19
AT1G69180-AT3G54340,5.4064489999999985,,,0.00393157517753205,,4.3900790113739505e-06
AT1G69180-AT4G37750,-0.283706,,,0.0,,3.82546964252716e-09
AT1G69180-AT4G18960,4.5066760000000015,,,0.0016501760709053401,,2.36200116799411e-08
AT1G69180-AT3G24650,-0.2498,,,0.0,,4.06875561945495e-09
AT1G69180-AT3G26790,-1.219909,,,0.0,,4.1387892473148405e-13
AT1G74080-AT1G77760,-0.5412520000000001,,,0.0,,1.1537207372492099e-11
AT2G47260-AT3G28510,-0.771893,,,0.0,,1.77244257318363e-11
AT2G43360-AT3G54320,0.5616770000000001,,,0.0020332454305183197,,2.07678669446356e-07
AT2G43360-AT3G54320,0.5616770000000001,,,0.0020332454305183197,,4.42194711708586e-09
AT2G43360-AT3G54320,0.5616770000000001,,,0.0,,2.07678669446356e-07
AT2G43360-AT3G54320,0.5616770000000001,,,0.0,,4.42194711708586e-09
AT2G43360-AT3G54320,-1.036043,,,0.0020332454305183197,,2.07678669446356e-07
AT2G43360-AT3G54320,-1.036043,,,0.0020332454305183197,,4.42194711708586e-09
AT2G43360-AT3G54320,-1.036043,,,0.0,,2.07678669446356e-07
AT2G43360-AT3G54320,-1.036043,,,0.0,,4.42194711708586e-09
AT2G47190-AT5G25610,-0.878352,,,0.0,,1.1137099324170301e-08
AT1G08090-AT4G36540,1.216439,,,0.00147786744988551,,1.52756386605761e-07
AT1G08100-AT4G24020,-0.8060930000000001,,,0.0,,1.53053441984153e-08
AT1G62360-AT5G53950,2.178347,,,0.0,,1.43071333050824e-07
AT1G62360-AT5G19040,-0.499021,,,0.0,,4.443046247815229e-10
AT1G62360-AT3G48100,-0.779831,,,0.0009722282297307287,,2.96213490352791e-08
AT1G62360-AT4G25420,0.104765,,,0.0004129600001052169,,9.086168538064379e-10
AT1G62360-AT4G00220,-1.147388,,,0.0,,1.14039674353362e-11
AT1G62360-AT4G00180,-0.824235,,,0.000277259034718421,,1.44745849065477e-07
AT1G62360-AT3G15170,-0.7771520000000001,,,0.0,,1.1595703816406699e-10
AT1G62360-AT3G23630,0.701293,,,0.0,,8.46478886532717e-11
AT1G62360-AT1G76420,1.774014,,,0.00014892218806388004,,4.79049221740144e-07
AT1G62380-AT3G20770,0.315416,,,0.0,,3.86755069135274e-06
AT1G06160-AT5G47220,13.006067,0.3458476043619158,4238.0625,0.0801311261623231,0.231226,0.0327343839077577
AT1G06160-AT5G44420,13.327962,,2650.345,0.0345853029251084,,0.00799435314705415
AT1G06160-AT3G12500,4.3273,,,0.0184220383064987,,0.0008701253468806309
AT1G06180-AT3G26790,-1.406876,,,0.0,,1.19769696595415e-11
AT1G21970-AT1G28300,0.898135,,,0.0,,1.74032832952899e-09
AT1G21970-AT3G51810,0.319179,,,0.0011266807409038599,,1.54990480097939e-08
AT1G21970-AT5G66400,0.206896,,,0.0,,1.17663457694496e-11
AT1G21970-AT5G40360,-0.527265,,,0.0,,2.83972122940331e-12
AT1G21970-AT3G54320,0.952237,,,0.0,,1.8168404874892895e-09
AT1G21970-AT3G54320,0.952237,,,0.0,,5.1968530729168e-12
AT1G21970-AT3G54320,0.952237,,,0.0,,1.8168404874892895e-09
AT1G21970-AT3G54320,0.952237,,,0.0,,5.1968530729168e-12
AT1G21970-AT3G54320,0.093457,,,0.0,,1.8168404874892895e-09
AT1G21970-AT3G54320,0.093457,,,0.0,,5.1968530729168e-12
AT1G21970-AT3G54320,0.093457,,,0.0,,1.8168404874892895e-09
AT1G21970-AT3G54320,0.093457,,,0.0,,5.1968530729168e-12
AT1G21970-AT4G27160,-0.726824,,,0.0,,4.75534023737975e-12
AT1G21970-AT3G24650,0.389774,,,0.000675037316047553,,3.65456453169045e-08
AT1G21970-AT3G27785,-0.014531,,,0.0018353126819882104,,5.669701406308051e-09
AT1G21970-AT3G27785,-0.014531,,,0.0018353126819882104,,6.6996755625748414e-09
AT1G21970-AT3G27785,-0.014531,,,0.00033169325091952597,,5.669701406308051e-09
AT1G21970-AT3G27785,-0.014531,,,0.00033169325091952597,,6.6996755625748414e-09
AT1G21970-AT3G27785,-0.309902,,,0.0018353126819882104,,5.669701406308051e-09
AT1G21970-AT3G27785,-0.309902,,,0.0018353126819882104,,6.6996755625748414e-09
AT1G21970-AT3G27785,-0.309902,,,0.00033169325091952597,,5.669701406308051e-09
AT1G21970-AT3G27785,-0.309902,,,0.00033169325091952597,,6.6996755625748414e-09
AT1G21970-AT3G26790,-0.6516390000000001,,,0.0,,2.5700267492890603e-13
AT1G53500-AT1G79840,0.041599,,,0.0,,7.01962204327941e-10
AT1G26390-AT4G36540,1.198321,,,0.0101442408972808,,0.000227883612445546
AT1G62990-AT5G62380,-0.505894,,,0.0,,1.89479785127008e-21
AT1G62990-AT5G12870,-0.492264,,,0.00127126869576732,,2.66626011928783e-08
AT1G62990-AT3G61910,-0.617598,,,0.0009056572600700859,,3.6859696509918906e-08
AT1G62990-AT1G71930,-0.862241,,,0.0027340493851177893,,1.1351589075360301e-07
AT1G12860-AT5G53210,6.960481,,,0.0362709077598126,,0.00427447798495164
AT1G44800-AT4G36540,1.296013,,,0.0106992780250315,,0.00011290796515142099
AT1G07640-AT5G23010,0.401749,,,0.0,,1.1369626100233998e-10
AT1G07640-AT3G56980,-0.313254,,,0.0,,1.21048064055636e-08
AT1G07640-AT4G39950,2.158403,,,0.016680214321958,,9.82145344568738e-05
AT1G07640-AT4G31500,3.102642,,,0.0224016444023805,,0.000309421914380859
AT1G28470-AT5G62380,-0.469448,,,0.0,,5.5409946558038e-10
AT1G28470-AT3G61910,0.767235,,,0.000797116661510266,,3.54882861858772e-10
AT1G28470-AT1G71930,-0.691596,,,0.000624576299041787,,6.69790834767818e-09
AT1G14350-AT4G34160,0.037126,,,0.00154115728264143,,3.46773349504258e-06
AT1G71692-AT5G61850,0.356242,,,0.0,,3.6239131535262e-18
AT1G71830-AT5G13790,0.876024,,,0.000526034083655274,,8.33193689404764e-08
AT1G01060-AT5G15840,1.3760059999999998,,,0.0,,1.26913715796673e-08
AT1G01060-AT5G61380,8.563521000000001,,,0.0309923605990407,,0.0182240744174909
AT1G01060-AT5G37260,2.727609,,204.3713,0.0,,3.46111768381355e-10
AT1G01060-AT5G02810,3.163278,,,0.0,,6.8090466470381e-14
AT1G01060-AT1G32900,15.675726999999998,0.6957542619707943,6082.993,0.08617308895200901,0.464504,0.159838731265442
AT1G01120-AT3G28910,1.225571,,,0.011630529770263,,5.6952344559140794e-05
AT1G49560-AT3G01420,-0.209685,,,0.00394035671395481,,1.86904180445259e-06
AT1G49560-AT1G77760,1.462839,,,0.00984390256926815,,1.96037738387478e-05
AT1G27730-AT5G52310,0.341798,,,0.0,,1.52507228643671e-07
AT1G27730-AT4G25100,1.880553,,,0.0024429796099878893,,8.41371668059467e-06
AT1G27730-AT3G09640,0.045398,,,0.0,,3.7456189203084304e-16
AT1G18330-AT5G10140,-0.8474,,,0.0,,7.573693737093851e-14
AT1G32770-AT1G73410,0.99685,,,0.00146436091917657,,3.75302755219676e-08
AT1G32770-AT5G56110,0.723201,,,0.0,,8.96655601019251e-12
AT1G32770-AT5G16600,-1.2017950000000002,,,0.0,,7.723474367332257e-09
AT1G32770-AT5G12870,-0.182608,,,0.000581889123385,,8.96594554888869e-09
AT1G32770-AT4G33450,2.113545,,,0.0,,1.30854963652453e-14
AT1G32770-AT4G28500,0.233843,,,0.0,,1.13072389420886e-10
AT1G32770-AT4G22680,-1.088516,,,0.0,,1.09006755654644e-13
AT1G32770-AT4G12350,-0.27349,,,0.0,,1.3722413317145599e-19
AT1G32770-AT1G66230,-0.663922,,,0.000277749150799591,,4.22202417336935e-08
AT1G32770-AT1G62990,-0.552924,,,0.00123878042870283,,1.3921104130854398e-07
AT1G32640-AT4G17490,2.994627,,,0.00706900451472351,,4.8515204812341104e-05
AT1G32640-AT5G25610,0.215495,,,0.00160147399431915,,1.3306489668138e-07
AT1G32640-AT5G47220,2.609706,,,0.0158369960900202,,0.000312720938175882
AT1G32640-AT5G44420,0.878577,,,0.00174778539365785,,3.60774360544555e-06
AT1G32640-AT5G07100,-0.043154000000000005,,,0.0,,4.63147561311589e-09
AT1G32640-AT3G45140,8.557835,,,0.0344061437710935,,0.00431615761930307
AT1G32640-AT4G25470,1.670192,,,0.0,,2.73479500253976e-09
AT1G32640-AT3G12500,1.646002,,,0.00759209004751547,,6.335137977195501e-05
AT1G32640-AT3G15210,7.1831570000000005,,,0.0331312362032916,,0.00140816594148272
AT1G32640-AT3G23240,3.766617,,,0.0176846162991193,,0.00026416627048908396
AT1G32640-AT3G04720,1.4676360000000002,,,0.0093230793416508,,6.40139010459814e-05
AT1G32640-AT3G16470,10.840769,,,0.0392312962352179,,0.0047487018960637
AT1G32640-AT1G72260,2.218168,,,0.00967019702675355,,2.05973882258453e-05
AT1G15550-AT4G36930,0.754655,,,0.0,,4.2125631442537e-06
AT1G15550-AT3G61850,-0.184722,,,0.00033022672241613704,,3.02353117475538e-07
AT1G15550-AT4G25490,0.486433,,,0.0,,6.67891731127353e-07
AT1G15550-AT4G18960,-0.32755500000000004,,,0.000290346527925436,,7.338990203050819e-09
AT1G15550-AT3G26790,0.761837,,,0.00277977197949137,,1.60568183125653e-07
AT1G30490-AT5G16560,1.917683,,,0.0035691624310030604,,4.94768734570727e-06
AT1G50420-AT4G37650,0.515879,,,0.00156416348987931,,1.19330688881549e-06
AT1G65060-AT4G38620,5.332965,,,0.0325343666557723,,0.00297015499141193
AT1G22410-AT1G74650,0.101428,,,0.0,,2.4231291957485198e-19
AT1G37130-AT5G52830,2.74136,,,0.0105879013358264,,6.74091215484688e-05
AT1G37130-AT5G11260,2.528502,,,0.0118450807608948,,0.000397384184422038
AT1G37130-AT3G17609,7.825479,,,0.0486695643713592,,0.0102809270021916
AT1G35515-AT5G52310,0.880627,,,0.0,,7.193566972787348e-12
AT1G52690-AT5G05410,3.759349,,,0.0161632681732621,,0.00041381978681685603
AT1G77850-AT5G54510,-0.041971,,,0.0,,9.95873742453869e-08
AT1G77850-AT4G27260,0.8851600000000001,,,0.00397041869568143,,3.06762651707072e-06
AT1G74710-AT3G28910,-0.441945,,,0.0,,1.2720124747321701e-10
AT1G74710-AT3G20770,0.375819,,,0.00500591325576028,,2.52535823081282e-05
AT1G70940-AT4G00220,-0.970792,,,0.0,,1.3840962277287302e-10
AT1G68640-AT4G18960,1.704608,,,0.0,,1.19965827633946e-09
AT1G34180-AT1G77760,-0.035121,,,0.0,,3.56547413393249e-10
AT1G15360-AT4G24510,-0.268793,,,0.00016425151445955902,,7.23940374752842e-08
AT1G16490-AT2G40890,-1.26678,,,0.0,,2.90479860469149e-10
AT1G16490-AT5G62380,0.8903540000000001,,,0.000770744385636926,,8.33227662071365e-08
AT1G16490-AT5G54160,-0.765259,,,0.0,,6.958001345006582e-08
AT1G16490-AT5G48930,-0.618912,,,0.00104708605120283,,6.43235339956212e-08
AT1G16490-AT5G12870,0.225049,,,0.0029426325163972107,,1.47962368937972e-07
AT1G16490-AT3G61910,2.6347970000000003,,212.37172,0.004468687356506021,,6.03744937874854e-07
AT1G16490-AT4G37970,1.2736889999999998,,,0.00557842716483717,,1.53334365791111e-06
AT1G16490-AT4G34050,-1.073588,,,0.0,,1.24538448274492e-10
AT1G16490-AT1G51680,-0.49929,,,0.000423148631379796,,5.7844977918249594e-08
AT1G16490-AT1G71930,-0.249791,,,0.00077054952681707,,5.69520787431378e-10
AT1G16490-AT1G32770,1.729791,,,0.00354672724950405,,4.6703460376647195e-08
AT1G14920-AT5G61850,-1.631997,,,0.0,,6.61516371720848e-10
AT1G14920-AT4G25420,-0.457968,,,0.0,,6.82078190565897e-07
AT1G14920-AT3G27920,-0.30795,,,0.0,,2.02695153322735e-07
AT1G14920-AT1G15550,0.25472100000000003,,,0.0,,1.09179064889957e-06
AT1G59870-AT4G36540,0.026161,,,0.0025067717998753,,1.63824132768121e-05
AT1G59870-AT1G74650,1.302163,,,0.00369038588364234,,6.35044859701685e-07
AT1G23420-AT5G42630,-0.956846,,,0.0,,8.934717651252592e-13
AT1G23420-AT5G41410,-0.238318,,,0.000353522674882453,,1.2591132821723402e-08
AT1G23420-AT4G37750,0.132654,,,0.0,,1.5295776062735e-09
AT1G23420-AT4G27330,0.968836,,,0.0,,4.28752251657226e-14
AT1G23420-AT3G23130,2.56297,,,0.00409880237293012,,1.02645093659482e-06
AT1G23380-AT5G53950,1.999171,,,0.000459152404707571,,1.49692789028322e-08
AT1G23380-AT3G15170,0.300652,,,0.0,,5.3197815633579e-14
AT1G23380-AT1G62360,8.879862,,,0.0063229099052658794,,1.87049678705131e-05
AT1G78600-AT5G11260,3.573335,,,0.00829983098733266,,0.000635898154941621
AT2G01930-AT4G09960,-0.360405,,,0.000578462187352324,,2.74321032872538e-09
AT2G47180-AT4G17750,-0.628447,,,0.0,,1.04508802015092e-09
AT2G47180-AT5G16820,0.027582,,,0.0,,2.64625202014717e-09
AT2G04240-AT3G03450,-0.329137,,,0.00244896322260029,,1.65182601691159e-06
AT2G40220-AT5G03650,-0.512088,,,0.0,,8.04871775651754e-14
AT2G40220-AT4G27160,-0.564504,,,0.0,,3.313746343021089e-11
AT2G40220-AT3G24650,0.49976,,,0.0,,3.952138744306871e-11
AT2G40170-AT5G56270,-1.33257,,,0.00048483893632056906,,3.55094247695521e-09
AT2G40170-AT3G54320,0.503171,,,0.00033454141444882795,,1.1441744542611e-09
AT2G40170-AT3G54320,0.503171,,,0.00033454141444882795,,2.14391822074143e-10
AT2G40170-AT3G54320,0.503171,,,0.0,,1.1441744542611e-09
AT2G40170-AT3G54320,0.503171,,,0.0,,2.14391822074143e-10
AT2G40170-AT3G54320,-0.258821,,,0.00033454141444882795,,1.1441744542611e-09
AT2G40170-AT3G54320,-0.258821,,,0.00033454141444882795,,2.14391822074143e-10
AT2G40170-AT3G54320,-0.258821,,,0.0,,1.1441744542611e-09
AT2G40170-AT3G54320,-0.258821,,,0.0,,2.14391822074143e-10
AT2G40170-AT3G24650,0.22326,,,0.0,,2.91198096381795e-10
AT2G40170-AT3G26790,0.210798,,,0.0,,2.51208882380542e-08
AT2G22240-AT4G17750,-0.576792,,,0.0,,7.974113873153249e-13
AT2G22240-AT5G16820,1.649282,,,0.0,,6.05341586260542e-05
AT2G28610-AT4G00180,-1.214134,,,0.0,,1.1351223571816499e-10
AT2G22300-AT3G48090,2.649195,,,0.0215041179247388,,0.00151979203817528
AT2G22300-AT4G25470,-0.6861149999999999,,,0.0,,1.27981375559675e-08
AT2G42530-AT4G25480,16.245729,0.4605945419284356,5208.5674,0.0750766848810474,0.336235,0.0637434831548105
AT2G42540-AT5G51990,-0.06931799999999999,,,0.000745320322327366,,2.7726434424143095e-08
AT2G42540-AT5G05410,0.934715,,,0.0103009217523691,,6.22597662298949e-05
AT2G42540-AT4G25480,11.8977,,865.6441699999998,0.0539292006969913,,0.0180499598386599
AT2G42540-AT4G25490,3.558553,,,0.0212930000845602,,0.000256500090181156
AT2G42540-AT4G25470,2.476117,,,0.0160742081007339,,7.50273344840087e-05
AT2G25000-AT3G01420,2.908774,,,0.00681106407967236,,0.000122744184326881
AT1G04240-AT4G25470,4.381239,,,0.0250668388708551,,0.00052056006577124
AT1G04240-AT1G19220,0.75747,,,0.00257681231450194,,1.2200139883307401e-05
AT1G04240-AT1G53230,-0.07923,,,0.0,,3.98095769406841e-11
AT1G04250-AT1G28300,-0.77764,,,0.00058298395783356,,1.5369588977314902e-08
AT1G04400-AT5G10140,-0.929087,,,0.0,,2.40589188491401e-09
AT1G26870-AT1G79580,5.52851,,,0.0010389390005740699,,2.37623464685958e-08
AT2G20610-AT5G61420,6.860854,,,0.0471792025078556,,0.0163501940414632
AT2G20610-AT5G60890,2.951963,,,0.0208609347136786,,0.000776635045295478
AT2G46410-AT5G14750,-1.055542,,,0.0,,1.4837083501142404e-09
AT2G46410-AT5G53200,-0.435617,,,0.00047399607126298495,,1.92994775846537e-08
AT2G46410-AT5G40330,7.141045,,129.71521,0.011967227412609,0.0415004,8.64543756912089e-06
AT2G46410-AT3G27920,3.508288,,,0.00210198554903876,,1.8519300035200101e-07
AT2G24570-AT5G42650,-0.049869,,,0.00227969375142693,,1.4043085855507e-06
AT2G24570-AT3G56400,2.116903,,,0.00762934620591126,,3.2323309781189804e-05
AT2G24570-AT3G45140,-0.654375,,,0.0,,5.3624897251686e-09
AT2G24570-AT4G31550,4.640453,,,0.0252029942478706,,0.000312362706086527
AT2G24570-AT2G40750,0.089712,,,0.00283311939478228,,2.01056066046282e-06
AT2G40260-AT5G53460,-0.680995,,,0.0,,8.749468784521309e-08
AT2G40260-AT5G41670,-1.082978,,,0.0,,2.61342965525615e-11
AT2G40260-AT3G01420,0.116978,,,0.0,,3.80790548354613e-07
AT2G36880-AT4G36540,-0.050349,,,0.000801891426117486,,2.31309199018226e-05
AT2G37040-AT3G02830,3.0928560000000003,,,0.0190406321871718,,0.00171219325158805
AT2G36890-AT5G53950,0.228384,,,6.60899450642596e-06,,4.58890992914423e-10
AT2G36270-AT4G16160,0.507655,,,0.0,,2.57435249593642e-08
AT2G36270-AT3G51810,-0.665341,,,0.0,,6.736067714615799e-11
AT2G36270-AT5G66400,1.958561,,,0.00213260763892453,,1.4168751028037802e-05
AT2G36270-AT5G56270,2.4161080000000004,,,0.0119772867821164,,4.05625690800689e-05
AT2G36270-AT5G11260,-0.761975,,,0.0,,7.84995205160303e-12
AT2G36270-AT3G24650,-0.850167,,,0.0,,2.55322570788898e-12
AT2G36270-AT3G03450,0.08139199999999999,,,0.00379831917900984,,5.0691832532083614e-06
AT2G36270-AT3G11410,1.273875,,,0.00315345384563378,,5.4397293379589e-06
AT2G36270-AT2G40220,-0.966172,,,0.0,,6.725014959904012e-10
AT2G36270-AT2G40170,0.924662,,,0.0,,5.60605835014584e-12
AT2G36010-AT5G22220,-0.194623,,,0.0,,1.9695795202754e-14
AT2G36010-AT5G14960,-0.117577,,,0.0,,1.25391101562506e-07
AT2G36010-AT5G24330,2.462348,,,0.0103549561742631,,0.000344141216893354
AT2G42840-AT4G21750,4.98996,,,0.030284312346293,,0.00465230134618677
AT2G42830-AT2G45190,-0.958717,,,0.0,,1.68393397083764e-09
AT2G42830-AT4G36920,-1.364873,,,0.0,,1.25970288921553e-14
AT2G42830-AT5G67110,0.286637,,,0.0,,9.17226282889273e-13
AT2G42830-AT5G60910,-2.099007,,,0.0,,4.31226000563549e-17
AT2G42830-AT4G09960,7.445914,,,0.0,,5.65504052374762e-11
AT2G21060-AT5G13790,-1.734077,,,0.0,,5.036041516269471e-11
AT2G22330-AT5G60890,7.8524509999999985,,199.76068,0.0398682097884852,,0.0020055108994488
AT2G28550-AT3G28510,-0.273027,,,0.0,,1.5611127952575e-08
AT2G27990-AT5G61850,0.11508,,,0.0017831839497195398,,1.4629268683725601e-07
AT1G79180-AT2G40890,-1.262342,,,0.0,,7.39772910733373e-11
AT1G79180-AT5G62380,-1.952374,,,0.000178020769490772,,7.091969557400209e-12
AT1G79180-AT5G54160,-0.017149,,,0.0,,2.0238056675243896e-13
AT1G79180-AT5G48930,0.286848,,,0.0,,3.8491322811167693e-13
AT1G79180-AT5G12870,2.097076,,,0.000245321771112137,,1.77277215664061e-10
AT1G79180-AT3G61910,0.940562,,,0.0,,1.2802541691832e-10
AT1G79180-AT4G37970,2.930623,,,0.00457145821318819,,1.82806131650102e-07
AT1G79180-AT4G34050,-0.024547,,,0.00163742440020305,,2.65034212695156e-08
AT1G79180-AT2G37040,-0.285036,,,0.000193185687964442,,5.54674867106988e-10
AT1G02205-AT3G28910,0.8092630000000001,,,0.0103672732827675,,4.2531986483486996e-05
AT1G02205-AT3G28910,0.8092630000000001,,,0.0103672732827675,,1.97108935210483e-06
AT1G02205-AT3G28910,0.8092630000000001,,,0.0019149946441819304,,4.2531986483486996e-05
AT1G02205-AT3G28910,0.8092630000000001,,,0.0019149946441819304,,1.97108935210483e-06
AT1G02205-AT3G28910,-0.215055,,,0.0103672732827675,,4.2531986483486996e-05
AT1G02205-AT3G28910,-0.215055,,,0.0103672732827675,,1.97108935210483e-06
AT1G02205-AT3G28910,-0.215055,,,0.0019149946441819304,,4.2531986483486996e-05
AT1G02205-AT3G28910,-0.215055,,,0.0019149946441819304,,1.97108935210483e-06
AT1G02205-AT1G15360,-1.172077,,,0.0,,5.43638787618781e-10
AT1G02205-AT1G15360,-1.172077,,,0.0,,1.1807509310993e-13
AT1G02205-AT1G15360,-1.172077,,,0.0,,5.43638787618781e-10
AT1G02205-AT1G15360,-1.172077,,,0.0,,1.1807509310993e-13
AT1G02205-AT1G15360,-0.5914159999999999,,,0.0,,5.43638787618781e-10
AT1G02205-AT1G15360,-0.5914159999999999,,,0.0,,1.1807509310993e-13
AT1G02205-AT1G15360,-0.5914159999999999,,,0.0,,5.43638787618781e-10
AT1G02205-AT1G15360,-0.5914159999999999,,,0.0,,1.1807509310993e-13
AT1G22640-AT1G56650,0.534558,,,0.0,,1.8259578927593398e-07
AT1G04220-AT3G28910,2.671185,,,0.00642515898619393,,7.50877703792907e-05
AT1G04110-AT1G33240,-0.649088,,,0.0,,2.02393595529652e-08
AT1G12110-AT5G11260,0.153482,,,0.0006808213461017281,,6.28597550416595e-06
AT1G12110-AT3G17609,3.98044,,,0.0188555518629062,,0.0012693661967282301
AT1G11840-AT3G15510,-0.763806,,,0.0,,2.8327512446621098e-08
AT1G61720-AT5G35550,-1.736997,,,0.0,,7.000990462927109e-10
AT1G61720-AT5G23260,1.433872,,,0.0,,1.6475637961845e-08
AT1G61720-AT4G09820,0.610446,,,0.0,,5.17017023780764e-12
AT1G43160-AT4G25480,0.194105,,,0.0,,5.99059055001578e-08
AT1G43160-AT4G25490,0.507603,,,0.0,,4.49496810020551e-14
AT1G43160-AT4G25470,0.7156399999999999,,,0.0,,5.5392104034034694e-08
AT1G10170-AT4G39030,-0.100555,,,0.0,,2.1690155585410997e-05
AT1G10170-AT1G74710,-0.405525,,,0.0,,1.64988102631854e-06
AT1G09530-AT1G44446,-0.407322,,,0.0,,1.22248387615251e-13
AT1G09530-AT4G14690,0.931057,,,0.0065427659866609394,,1.62210879419746e-05
AT1G09530-AT5G42800,0.106663,,,0.0,,1.39825898810397e-09
AT1G09530-AT5G13930,-0.150679,,,0.000227978557760129,,6.21047043261222e-07
AT1G09530-AT5G13630,-0.498478,,,0.0,,2.69770039183688e-10
AT1G09530-AT3G51240,-0.26265900000000003,,,0.0,,2.45706537644907e-07
AT1G09350-AT4G25480,13.677735,0.3816505949451217,3148.757,0.0918424585536161,,0.0325914009439587
AT1G55600-AT3G19700,0.20765,,,0.0,,2.36390265291384e-09
AT1G04550-AT1G19850,0.004425999999999999,,,0.0,,2.90624930816453e-09
AT1G65620-AT2G26580,-1.288666,,,0.0,,9.32982178234276e-14
AT1G65620-AT2G45190,-0.534524,,,0.0,,6.7206977963205e-07
AT1G65620-AT5G53950,-1.754803,,,0.0,,1.70638345732905e-16
AT1G65620-AT5G16560,-0.36465,,,0.0,,5.69088058335146e-09
AT1G65620-AT5G03680,3.073335,,,0.0027062637362765397,,1.0947332103710399e-06
AT1G65620-AT4G08150,2.5675380000000003,,,0.0,,1.0491211075582101e-07
AT1G65620-AT4G00180,-0.17876199999999998,,,0.0009413087876353939,,9.9721814665865e-07
AT1G65620-AT3G15170,-0.767775,,,0.0,,1.2061654558565e-16
AT1G65620-AT1G70510,1.768328,,,0.0,,1.75692143054222e-13
AT1G65480-AT5G15840,-0.326368,,,0.0,,4.48880089316163e-18
AT1G65480-AT5G62430,-0.596701,,,0.0009852113383607961,,2.10025142067398e-08
AT1G65480-AT5G37260,-0.215007,,,0.0,,6.822316548355439e-11
AT1G65480-AT5G10140,-0.152784,,,0.000140117625218738,,2.0159580828155e-08
AT1G65480-AT3G07650,2.021539,,,0.00211637955825793,,7.89775501715004e-07
AT1G65480-AT1G71692,-0.356493,,,0.0011585470095613099,,1.36120114381051e-07
AT1G65480-AT2G28550,-0.243616,,,0.0,,4.202866429179111e-09
AT1G09080-AT1G42990,2.953716,,,0.026736654296704,,0.000749398660175217
AT1G09770-AT4G16890,-0.716863,,,0.0,,5.57322328489702e-10
AT1G09770-AT1G62360,-0.758406,,,0.0,,7.258982051603641e-11
AT1G09770-AT1G75820,-0.964476,,,0.0,,2.733048849767461e-13
AT1G62290-AT3G26790,-0.93646,,,0.00403699969123845,,9.294471435439062e-08
AT1G62300-AT4G04450,-0.999938,,,0.0,,1.14294864511519e-10
AT1G62300-AT3G23430,0.225973,,,0.00362480550090486,,1.23654648215957e-06
AT1G08560-AT5G11510,10.574203,0.3303396091003039,1085.5034,0.139700395400914,0.209894,0.00866253553761008
AT1G08560-AT4G32730,-0.077824,,,0.0010419984041258,,2.8315388585141e-07
AT1G08560-AT4G32730,-0.077824,,,0.0010419984041258,,1.09915476584266e-06
AT1G08560-AT4G32730,-0.077824,,,0.00270576329879491,,2.8315388585141e-07
AT1G08560-AT4G32730,-0.077824,,,0.00270576329879491,,1.09915476584266e-06
AT1G08560-AT4G32730,1.997904,,,0.0010419984041258,,2.8315388585141e-07
AT1G08560-AT4G32730,1.997904,,,0.0010419984041258,,1.09915476584266e-06
AT1G08560-AT4G32730,1.997904,,,0.00270576329879491,,2.8315388585141e-07
AT1G08560-AT4G32730,1.997904,,,0.00270576329879491,,1.09915476584266e-06
AT1G24260-AT3G54340,10.757256,,628.9376,0.0112559090919562,0.0362892,3.6534057680739206e-05
AT1G24260-AT4G27330,-0.229871,,,0.0,,9.258989463303002e-11
AT1G24260-AT4G24540,2.354292,,,0.0,,4.8644976396940896e-08
AT1G24260-AT4G18960,3.398206,,,0.00419639171960078,,9.536701417560509e-07
AT1G24260-AT4G09960,0.791556,,,0.0,,5.1192248768433604e-11
AT1G24260-AT1G69120,11.090385,,845.64404,0.011447567121746,,5.28641530550983e-05
AT1G23080-AT4G00220,-1.3397940000000002,,,0.0,,5.38133108289185e-13
AT1G77120-AT4G25470,5.423593,,,0.00376915195108104,,0.000200036320519631
AT1G77120-AT2G47190,-0.261226,,,0.0,,8.58970664663408e-08
AT1G67310-AT3G01420,-0.805828,,,0.0,,2.60252557275469e-08
AT1G67310-AT1G77760,0.007676,,,0.0,,1.6247668417645698e-11
AT1G61660-AT3G28510,0.32568800000000003,,,0.000211379757908696,,3.57497853774225e-06
AT1G55580-AT5G60690,-1.28899,,,0.0022128970183294397,,1.91756017031307e-09
AT1G55580-AT5G53950,4.435829,,,0.00126816119433722,,2.17822287541708e-08
AT1G55580-AT4G37750,-1.515157,,,0.0,,5.36255480117169e-11
AT1G55580-AT3G15170,1.953333,,,0.0,,2.08922244128562e-13
AT1G55580-AT1G62360,-1.420528,,,0.0,,6.4526166174691795e-09
AT1G03840-AT4G37650,0.228116,,,0.0,,9.3888094629516e-11
AT1G03790-AT3G24650,-0.145026,,,0.0,,4.273034532553991e-10
AT1G30950-AT1G69120,-0.17947000000000002,,,0.0,,8.24633915600365e-12
AT1G30950-AT1G62360,-1.199896,,,0.0,,4.337887574203379e-09
AT2G43010-AT4G14130,0.076059,,,0.0,,7.34140211448808e-08
AT2G43010-AT5G59320,-0.373488,,,0.0,,5.7139726375303896e-11
AT2G43010-AT5G13930,0.797208,,,0.0051841562623852295,,3.19280277825888e-05
AT2G22630-AT5G15840,0.770423,,,0.0,,2.1227495509244302e-10
AT2G22630-AT5G61850,0.4163560000000001,,,0.000792244541769392,,2.94772831247324e-09
AT2G15620-AT4G25560,0.19672,,,0.0,,9.503571502210679e-11
AT2G15620-AT4G36540,-0.356403,,,0.0,,4.44684610734363e-08
AT2G15620-AT5G61420,3.872798,,,0.0341874247133582,,0.0038201652413477603
AT2G15620-AT5G18270,0.19371,,,0.000137749994803472,,5.42464365207757e-07
AT2G15620-AT3G53200,-0.749304,,,0.0,,2.4590675703976296e-13
AT2G15620-AT3G51910,1.182638,,,0.00917702924178714,,7.311906322033679e-05
AT2G15620-AT4G13480,-0.366999,,,0.000289244563855732,,1.2163903091906998e-08
AT2G15620-AT3G24310,0.675582,,,0.000179135894192759,,4.24310535231378e-08
AT2G15620-AT2G40260,0.927523,,,0.0028149369724759198,,6.31422275303985e-06
AT2G15890-AT5G20240,1.978057,,,0.0,,1.0205090841781801e-07
AT2G15890-AT5G56860,1.7773849999999998,,,0.00799981243014849,,0.000289266549155677
AT2G15890-AT3G54340,0.7372029999999999,,,0.0,,3.78162494909882e-08
AT2G15890-AT4G26150,2.247985,,,0.007187496829039001,,6.83602681093146e-05
AT2G20180-AT5G20960,0.097606,,,0.00220357803763879,,1.0940259732964e-05
AT2G20180-AT5G27320,0.454955,,,0.0058804353289287,,7.979213230629789e-06
AT2G20180-AT5G67030,0.207871,,,0.0009989130432051972,,4.0725605483267e-07
AT2G20180-AT5G66880,3.168604,,,0.028175994699546,,0.000718674428496097
AT2G20180-AT5G54510,0.79994,,,0.00300037791140203,,2.40911750790271e-07
AT2G20180-AT5G54190,0.511663,,,0.0067064696547584285,,9.09045130502521e-06
AT2G20180-AT5G53290,5.036105,,,0.0224064080060574,,0.000364133961219525
AT2G20180-AT5G42750,2.797647,,,0.00451680152581328,,0.000299620326165538
AT2G20180-AT5G08130,1.657903,,,0.00385070420949928,,8.369661018260679e-07
AT2G20180-AT3G61830,2.673508,,,0.0240761083063898,,0.000319350493718671
AT2G20180-AT3G50660,-0.548878,,,0.0,,3.38925150294772e-07
AT2G20180-AT3G44320,0.502498,,,0.00313928636124581,,4.964486073009729e-07
AT2G20180-AT4G27440,0.781799,,,0.0090742150497639,,1.3480144429549197e-05
AT2G20180-AT4G26080,0.03386,,,0.000826156198015767,,1.4045331678474201e-05
AT2G20180-AT4G23750,-0.109169,,,0.0,,5.21358690728637e-09
AT2G20180-AT4G11140,-1.07397,,,0.0,,4.45299548558205e-09
AT2G20180-AT3G24650,-0.463144,,,0.0,,3.90772776060408e-14
AT2G20180-AT3G24220,-0.558181,,,0.0,,7.95416175265992e-14
AT2G20180-AT3G04730,3.779483,,,0.0243661508053558,,0.00134995747633211
AT2G20180-AT3G05120,-0.533161,,,0.0,,4.58557643790063e-11
AT2G20180-AT2G40220,-0.573469,,,0.0,,1.77547961991722e-13
AT2G20180-AT2G36270,1.303876,,,0.00854044824917532,,1.73825926183354e-05
AT2G27300-AT3G03450,-0.648709,,,0.0,,1.07778772564137e-11
AT2G25490-AT3G20770,7.581481,,134.50195,0.0605694387422996,,0.00681203084461554
AT2G18060-AT3G01420,0.421585,,,0.0019437600483491,,1.4787023612491501e-07
AT2G17950-AT5G62920,-1.517509,,,0.0,,5.641306480357161e-16
AT2G17950-AT5G45980,0.143984,,,0.00022707226915856602,,1.3432370133128899e-08
AT2G17950-AT5G41410,0.109534,,,0.0,,1.64246627242838e-08
AT2G17950-AT3G48100,-1.124637,,,0.0,,3.760912866101889e-13
AT2G17950-AT4G37750,-0.405758,,,0.00032346415512465,,4.435065361094661e-08
AT2G17950-AT4G27330,0.7515970000000001,,,0.000400670210165909,,5.82732639387653e-08
AT2G17950-AT4G18960,0.353008,,,0.0010226867024782302,,2.5633102071412204e-08
AT2G17950-AT3G23130,3.928945,,,0.00175794157997883,,1.4759443347627e-07
AT2G17950-AT2G27250,0.819348,,,0.000205070421781733,,2.13829237673528e-08
AT2G14560-AT3G56400,20.82184,0.5714060372589912,3504.7783,0.10482023546866903,0.465828,0.147370424092111
AT2G15050-AT4G25480,0.686896,,,0.0,,1.30944858776138e-07
AT2G19590-AT3G20770,1.38913,,,0.00617773320326619,,1.3258801864828098e-05
AT2G37260-AT4G36920,-0.617803,,,0.0,,4.10804239708393e-12
AT2G37260-AT5G14750,-0.16179200000000002,,,0.00027853554683470697,,2.06853466987433e-09
AT2G37260-AT5G53200,-0.7891229999999999,,,0.0,,7.8254023545397e-09
AT2G37260-AT5G35550,0.161428,,,0.0,,3.1537581473154597e-16
AT2G37260-AT4G09820,9.780691,,443.9997,0.0119542548307834,,0.000342764136257799
AT2G37260-AT3G13540,-0.30535300000000004,,,0.00111938664052343,,8.18898770734786e-09
AT2G37260-AT3G27920,5.728786,,,0.00394673847413822,,7.22737780451225e-06
AT2G37260-AT2G46410,3.651203,,,0.00256610335417019,,1.53292785687918e-08
AT2G18660-AT3G56400,10.019541,,182.81334,0.0555843073343226,,0.0372214469176811
AT2G39030-AT4G25470,-0.047201,,,0.0,,2.22795092043966e-08
AT2G28160-AT5G03570,1.848981,,,0.00341033235559399,,4.25640362750727e-08
AT2G28160-AT3G60330,3.87606,,,0.000115746744461552,,4.875843026708941e-08
AT2G28160-AT3G58810,1.657273,,,0.0,,2.15176815505847e-11
AT2G02450-AT5G15840,-0.063083,,,0.0,,5.8364434437697604e-08
AT2G29350-AT5G20240,0.604549,,,0.0,,1.04716470534693e-16
AT2G29350-AT5G56860,-0.170732,,,0.0,,2.3957328865125e-06
AT2G29350-AT3G54340,-0.350932,,,0.0,,9.611608209364242e-09
AT2G29350-AT4G26150,0.188833,,,0.0,,2.65186910731414e-08
AT2G01420-AT4G00220,-0.509423,,,0.0,,4.21332562281851e-10
AT2G27050-AT5G54190,0.407083,,,0.0021205051200716,,9.34742958294848e-06
AT2G27050-AT4G27440,2.622806,,,0.0160756778630314,,0.0009300732074709108
AT2G27050-AT3G28510,0.236823,,,0.00289102477413823,,1.06994138437455e-05
AT2G27050-AT3G23240,0.156029,,,0.0035073580805667693,,1.40432815649086e-05
AT2G27050-AT3G01420,-0.293581,,,0.0,,2.0727655602819695e-08
AT2G01570-AT5G61420,-0.296193,,,0.0,,8.621447459750272e-14
AT2G01570-AT5G22920,0.427957,,,0.00271125766900442,,2.30558729173513e-06
AT2G01570-AT3G62230,-1.317652,,,0.0,,1.03488704707615e-12
AT2G01570-AT3G58070,-0.604058,,,0.0,,2.71522086451611e-09
AT2G01570-AT4G25420,-0.374817,,,0.000591865309299692,,1.36958135498231e-06
AT2G01570-AT3G27920,-0.694419,,,0.0,,1.04391656004199e-10
AT2G01570-AT3G30775,0.16230899999999998,,,0.0,,1.3661060347912e-06
AT2G01570-AT2G04240,-0.458032,,,0.0,,2.5848676512654705e-08
AT2G01570-AT2G22300,-0.324074,,,0.000434741415427582,,4.010347254121e-07
AT2G01570-AT2G36270,-0.4582770000000001,,,0.0,,2.21601178102979e-09
AT2G01570-AT2G20180,2.300326,,,0.0165743858228495,,3.95737767231382e-05
AT2G01500-AT4G18960,-1.5326229999999998,,,0.0,,3.83058614501618e-11
AT2G14610-AT5G22570,12.151466,,685.5792,0.0377624093866898,,0.0400598120742673
AT2G14610-AT5G06960,4.110917,,263.91254,0.00781390268924153,,8.945073288308079e-07
AT2G14610-AT3G56400,5.81038,,,0.0191995063095114,,0.00579096098444751
AT2G14610-AT4G31800,3.2443,,,0.0252801820776968,,0.001228927024629
AT2G14610-AT4G24240,-0.222126,,,0.0,,4.2513291788262395e-11
AT2G14610-AT3G12250,1.905505,,,0.0,,1.9560816046926106e-07
AT2G14610-AT3G04670,0.010842,,,0.0,,1.23876905810189e-06
AT2G41260-AT3G26790,-1.47,,,0.0,,9.49143502215033e-12
AT2G22770-AT3G15950,10.853244,0.15206504310629318,660.5355,0.0459916490597155,,0.0012246529025247699
AT2G22770-AT3G09260,7.3330350000000015,,726.8846,0.0193755115969951,,0.000506056606426319
AT2G47730-AT3G50410,-0.497141,,,0.0,,8.561792469543851e-17
AT2G47730-AT3G16770,-0.8995040000000001,,,0.0,,2.567982006964489e-13
AT2G31160-AT5G53950,-0.000766,,,0.00193029898009397,,4.82392186501449e-09
AT2G31160-AT3G15170,-0.8195180000000001,,,0.0,,4.5506835952121896e-11
AT2G16910-AT5G17050,-0.199121,,,0.0016657067461643,,4.2644047635235204e-08
AT2G16910-AT5G49070,-1.067798,,,0.0,,5.63038709041318e-10
AT2G16910-AT5G06100,-0.744312,,,0.0,,6.3880739992713e-11
AT2G16910-AT3G51590,4.6312690000000005,,,0.00128694759608204,,3.06368435065668e-07
AT2G16910-AT4G00040,-1.129024,,,0.0,,2.27352982055862e-10
AT2G16910-AT3G28740,-0.5121479999999999,,,0.0,,6.45112313464279e-09
AT2G16910-AT3G13220,-0.85021,,,0.000588846295738664,,1.1765244908887399e-08
AT2G16910-AT3G11440,-1.408641,,,0.0,,1.8542444433588396e-11
AT2G46270-AT4G10040,0.865915,,,0.00544833449193552,,9.96026976758833e-05
AT2G46830-AT5G15840,0.843456,,,0.0,,6.359479970230022e-07
AT2G46830-AT5G61380,7.716199,,274.26855,0.0281665044043074,,0.0121710330837068
AT2G46830-AT5G52310,1.764339,,,0.0,,1.22698421361709e-16
AT2G46830-AT5G37260,2.798367,,190.04637,0.0,,5.97533192998114e-10
AT2G46830-AT5G18170,0.823665,,,0.00166177643954783,,1.8888590729405106e-05
AT2G46830-AT5G02810,3.949698,,,0.00574431944881509,,1.4485639146403e-05
AT2G46830-AT3G59060,8.36076,,,0.0401865836428425,,0.0156455908883972
AT2G46830-AT3G47340,0.398081,,,0.0,,5.97543358759361e-12
AT2G46870-AT3G58780,1.155072,,,0.00168982273625719,,6.85621133389181e-08
AT2G22850-AT3G28510,-0.808157,,,0.0,,3.22409401070059e-12
AT2G22850-AT3G04120,-0.466311,,,0.0,,1.90806801060595e-07
AT2G22810-AT3G59060,0.407141,,,0.003664063818227,,6.54032166394623e-06
AT2G26150-AT3G57520,2.104955,,,0.0,,5.35231940386891e-06
AT2G26150-AT3G24500,26.928602,0.5236469173846879,4803.794,0.264810405304734,0.384397,0.0980416424745195
AT2G26150-AT3G22840,0.6300640000000001,,,0.0,,7.78452284541927e-10
AT2G26150-AT3G02990,1.296189,,,0.00488782610561377,,4.40194199105185e-06
AT2G26150-AT3G09640,3.801655,,,0.0015282983935018199,,1.37649464355534e-06
AT2G26150-AT2G47180,2.864734,,,0.0020853735860344,,7.45671850004523e-05
AT2G44810-AT5G37020,0.6400779999999999,,,0.00349623287185283,,7.1487620275666e-06
AT2G44810-AT4G18960,-0.7100489999999999,,,0.0,,4.076096869628021e-11
AT2G34555-AT4G25490,-0.442382,,,0.00013389882581626002,,2.1310664581838303e-10
AT2G34555-AT4G25490,-0.442382,,,0.00013389882581626002,,5.02277073335677e-11
AT2G34555-AT4G25490,-0.442382,,,0.00041171780244206,,2.1310664581838303e-10
AT2G34555-AT4G25490,-0.442382,,,0.00041171780244206,,5.02277073335677e-11
AT2G34555-AT4G25490,0.27163200000000004,,,0.00013389882581626002,,2.1310664581838303e-10
AT2G34555-AT4G25490,0.27163200000000004,,,0.00013389882581626002,,5.02277073335677e-11
AT2G34555-AT4G25490,0.27163200000000004,,,0.00041171780244206,,2.1310664581838303e-10
AT2G34555-AT4G25490,0.27163200000000004,,,0.00041171780244206,,5.02277073335677e-11
AT2G45830-AT5G13790,-0.992516,,,0.0,,2.71202596193891e-15
AT2G38470-AT5G60890,2.374334,,,0.0266520049106847,,0.0009325328911403179
AT2G38470-AT5G07100,4.321905,,,0.043649814908412986,,0.0102154235200066
AT2G38470-AT3G52430,6.656619,,,0.0511592058386402,,0.0264150384607743
AT2G38470-AT3G12500,1.729206,,,0.0104568303598104,,0.000285260085743626
AT2G38470-AT3G15210,12.059991,,346.52844,0.0990850992089518,,0.0751940798608887
AT2G38470-AT3G23240,4.947797,,,0.0347648127605128,,0.00171651751013634
AT2G38470-AT3G26830,4.335943,,,0.036049899324519,,0.0115745777082428
AT2G41190-AT5G05410,1.114395,,,0.000623204084736126,,2.6212427972541103e-05
AT2G38300-AT4G30190,-0.101417,,,0.0,,5.81028204304191e-09
AT2G38300-AT3G01420,0.864809,,,0.0026506174990077198,,8.425747917916969e-06
AT2G38080-AT3G13890,-0.4663229999999999,,,0.0,,1.86024014986516e-10
AT2G23550-AT4G09820,0.44579,,,0.0,,3.93213566949743e-09
AT2G23550-AT3G13540,0.092906,,,0.000431881402194621,,6.71952338358616e-10
AT2G23580-AT4G09820,0.437211,,,0.0,,7.351919488949062e-10
AT2G23580-AT3G13540,0.31358600000000003,,,0.000562983970450495,,2.6761602487617e-10
AT2G37630-AT2G45190,0.7139939999999999,,,0.0,,6.32410477806125e-06
AT2G37630-AT5G53950,-0.4523100000000001,,,0.0,,2.3077133626614807e-09
AT2G37630-AT5G23000,-1.408355,,,0.0,,1.85153496263597e-16
AT2G37630-AT5G03680,4.694451,,,0.0154424505080281,,8.26993570310215e-05
AT2G37630-AT4G08150,3.95465,,137.68933,0.0195495578066665,,7.026073793500898e-05
AT2G37630-AT4G00220,-1.3538059999999998,,,0.0,,5.031259792882541e-14
AT2G37630-AT3G15170,-0.452984,,,0.0,,1.19811356128088e-09
AT2G02480-AT5G53200,0.452596,,,0.00204522953049819,,1.15750147019263e-06
AT2G30250-AT5G62020,2.917935,,,0.0317105283438659,,0.0021239521377375893
AT2G30250-AT5G59820,6.194279,,,0.0742039859587907,,0.0310114598974965
AT2G19450-AT2G40220,-0.18352,,,0.0024629577164711697,,1.8851077537511197e-07
AT2G23760-AT4G08150,1.095457,,,0.0,,2.59374186696289e-08
AT2G34710-AT2G45190,3.765093,,,0.0256990464626613,,0.00137979671416572
AT2G34710-AT5G16560,-0.499096,,,0.0,,8.85153982010499e-08
AT2G34710-AT3G52770,-0.161527,,,0.000403747917644645,,3.2378613790970597e-08
AT2G34710-AT3G44750,-0.570926,,,0.0,,5.96393789072595e-12
AT2G34710-AT4G37750,4.611914,,,0.0345133956756894,,0.00262635187066227
AT2G34710-AT2G37630,1.574153,,,0.00846995704825745,,0.000112974557715052
AT2G40080-AT5G11260,2.305419,,,0.00022663064250513304,,7.42686662409861e-05
AT2G40080-AT2G46830,7.5847289999999985,,190.88757,0.0223960965766933,,0.0106566871103705
AT2G26250-AT3G28910,-0.5312520000000001,,,0.0,,1.7545830519254e-08
AT2G19190-AT4G01250,-0.059636,,,0.0,,7.4395761222965304e-06
AT2G33860-AT2G45190,1.7117080000000002,,,0.00550991417518436,,6.05755365906196e-05
AT2G33860-AT4G36930,-1.129997,,,0.0,,1.94864097327958e-12
AT2G33860-AT2G37630,5.087926,,,0.0235276381996441,,0.0006454146910994781
AT2G33810-AT5G61850,-0.6016819999999999,,,0.0,,8.3700854805025e-15
AT2G33810-AT5G60910,9.409412,,698.0268599999998,0.0385074134835706,0.0678059,0.0010002518533614
AT2G30490-AT4G36540,1.678539,,,0.0177403901864382,,0.0004868911836623449
AT2G30490-AT4G38620,2.834215,,,0.0116943535981177,,0.000214051827329856
AT2G30490-AT2G43000,1.115222,,,0.00808956401021897,,9.61145988500146e-05
AT2G30490-AT2G38300,0.176791,,,0.0,,1.43831771392322e-11
AT2G02820-AT3G50410,1.350565,,,0.0,,1.1114992042222e-08
AT2G45660-AT5G15840,-0.257211,,,0.0,,1.8630936739868398e-09
AT2G45660-AT5G61850,-0.816538,,,0.0,,2.27476451701096e-09
AT2G45660-AT5G10140,4.177029,,,0.00935618111469343,,2.70162754013863e-05
AT2G45660-AT4G24540,-0.151476,,,0.0019556358718602,,2.03662557995169e-07
AT2G45660-AT4G02560,0.07948999999999999,,,0.0,,1.32901480560985e-09
AT2G41940-AT3G03450,0.155709,,,0.00102963078461989,,5.97124417324387e-06
AT2G30750-AT4G36540,1.752759,,,0.012921839788051,,0.000328483917488411
AT2G30750-AT2G40260,2.034344,,,0.00448540459168526,,1.75499319906954e-05
AT2G42200-AT5G53200,-0.15304600000000002,,,0.0,,5.104795300952821e-07
AT2G47460-AT4G15480,6.1099830000000015,,,0.00282334153511227,,6.67471765281921e-06
AT1G56600-AT5G16820,0.421407,,,0.0,,1.78786823032719e-07
AT1G56650-AT5G17050,6.2009050000000006,,,0.0495614291094521,,0.00828891241204719
AT5G20240-AT5G26340,1.045694,,,0.000305934347860044,,1.08233827761295e-08
AT4G16110-AT5G62920,-0.79314,,,0.0,,2.76309251725069e-07
AT5G15840-AT5G62430,1.796056,,,0.0060046052452513606,,4.3516667866141996e-05
AT1G26310-AT5G61850,1.232934,,,0.00276118849482077,,6.69978343806051e-08
AT5G20240-AT5G61850,2.070331,,,0.0,,3.217320398262861e-13
AT5G15840-AT5G61850,-0.930091,,,0.0,,1.2235832732329399e-11
AT5G25890-AT5G62000,-0.486912,,,0.0,,1.6188818580837e-10
AT2G45190-AT5G60910,2.600559,,,0.00328559577769616,,7.862703954157021e-06
AT2G45450-AT5G60690,-0.8194229999999999,,,0.0,,2.13769548236141e-08
AT5G04240-AT5G57560,-0.248441,,,0.0,,4.4788443992653506e-07
AT5G20240-AT5G56860,-1.314711,,,0.0,,2.0742202595915402e-12
AT5G26340-AT5G56860,4.181844,,,0.0476804385938173,,0.00344640655926096
AT3G51810-AT5G56270,-1.185099,,,0.00223413900521658,,8.75634120046048e-08
AT1G56650-AT5G54060,17.689791,0.3653688302188778,5204.561,0.0666372720644796,0.282073,0.0387203574348015
AT5G14750-AT5G53200,-0.16933099999999998,,,0.00040704096289421603,,4.6648499193770194e-08
AT4G25560-AT5G53460,-0.033054,,,0.00316298431691396,,8.166090945910259e-07
AT4G36540-AT5G53460,0.203244,,,0.0,,2.0471471596759e-06
AT1G46768-AT5G52310,7.761545,,,0.0276438514579353,,0.00248623862379524
AT4G36920-AT5G49360,0.78996,,,0.0050193375508632,,1.74260914024923e-05
AT5G15850-AT5G47220,0.388652,,,0.0,,4.7843356669257e-13
AT5G25620-AT5G43270,1.384408,,,0.0032621025353744893,,1.89380645950299e-06
AT1G56650-AT5G42800,15.021328,,1821.6729,0.0558620940506635,,0.0261330002332825
AT5G14750-AT5G40330,-1.851623,,,0.0,,3.5819523577446803e-12
AT5G15840-AT5G37260,19.048077,0.2798391356274296,3665.3513,0.0954432425952438,0.171989,0.0130274305859891
AT5G22220-AT5G24330,-0.585425,,,0.0,,4.267438188650911e-07
AT5G17430-AT5G22650,-0.226696,,,0.000898909169183273,,6.88563572568346e-08
AT1G56650-AT5G17220,16.419558,0.4074405738720833,4668.0356,0.21625746689217296,0.305249,0.0444364352250246
AT4G36540-AT5G17330,1.124563,,,0.00483698491002407,,2.9526425191734003e-05
AT2G47460-AT5G13930,1.600047,,,0.00634169749424196,,1.2591266389628401e-06
AT1G56650-AT5G13930,5.659159,,,0.0367894574106569,,0.00545601150621859
AT1G28300-AT5G13790,-0.36137,,,0.0,,4.776875286953961e-11
AT4G17750-AT5G12030,-0.773802,,,0.0,,1.54436397959695e-11
AT1G28300-AT5G11320,-0.823867,,,0.0,,2.00770783483496e-10
AT2G47460-AT5G11260,3.269653,,,0.0102671744296425,,5.58838465509263e-06
AT4G15480-AT5G11260,7.817239999999999,,709.2081,0.0199541262369783,,0.00149746625083478
AT4G14550-AT5G11260,-0.5428069999999999,,,0.0,,4.9570227899901504e-08
AT2G47460-AT5G08640,6.1659169999999985,,,0.0215602551912353,0.0383541,3.56387037722124e-05
AT1G26310-AT5G03840,0.8374659999999999,,,0.0,,4.6008719949149604e-11
AT4G36920-AT5G03840,0.046413,,,0.0018457275624037801,,5.9265604568220805e-08
AT1G26310-AT5G03790,0.027343,,,0.00187788969353133,,9.10615556632412e-08
AT1G28300-AT3G62100,1.136224,,,0.00043218929377008197,,1.76609802461311e-09
AT1G56650-AT3G55120,7.1673800000000005,,,0.0521864967325842,,0.0122967470674886
AT1G28300-AT3G54320,0.5294270000000001,,,0.0,,1.6618904501537194e-13
AT1G28300-AT3G54320,0.5294270000000001,,,0.0,,1.4156059210259401e-11
AT1G28300-AT3G54320,0.5294270000000001,,,0.0,,1.6618904501537194e-13
AT1G28300-AT3G54320,0.5294270000000001,,,0.0,,1.4156059210259401e-11
AT1G28300-AT3G54320,-0.963085,,,0.0,,1.6618904501537194e-13
AT1G28300-AT3G54320,-0.963085,,,0.0,,1.4156059210259401e-11
AT1G28300-AT3G54320,-0.963085,,,0.0,,1.6618904501537194e-13
AT1G28300-AT3G54320,-0.963085,,,0.0,,1.4156059210259401e-11
AT2G47460-AT3G51240,5.456976,,,0.0143617852346267,,1.79665162170642e-05
AT2G45190-AT3G44750,0.122543,,,0.0,,3.815750405505e-09
AT3G53260-AT4G38620,2.0274520000000003,,,0.013501439716584,,0.00020368469319673
AT2G45190-AT4G37750,3.279425,,,0.0215290743333168,,0.000982855298908156
AT3G54340-AT4G37750,-0.720735,,,3.12600187147005e-05,,5.43314343999056e-08
AT3G59060-AT4G37770,1.6550939999999998,,,0.01704784592477,,6.64964068402264e-05
AT3G54340-AT4G35770,2.023453,,,0.0,,1.0505003590119e-08
AT3G56400-AT4G31550,3.3262089999999995,,,0.0176757507590684,,0.0008459338078968791
AT3G45140-AT4G31550,1.674173,,,0.00474820213516154,,1.52607644127237e-05
AT3G51910-AT4G30190,0.288928,,,0.0,,4.796182139727968e-10
AT3G54340-AT4G30270,0.960951,,,0.0,,4.70369912779411e-09
AT1G28300-AT4G27160,1.017013,,,0.0,,5.02676386092415e-10
AT3G54340-AT4G26150,-1.008425,,,0.000675080100013625,,2.8592182398376202e-08
AT3G61890-AT4G25420,-0.724891,,,0.0,,5.404060541485688e-10
AT1G46768-AT4G25480,2.735649,,,0.00784921000889528,,0.000167195627522633
AT3G50970-AT4G25480,9.285845,,,0.0478996435231776,,0.0159914093865253
AT1G46768-AT4G25490,6.498252,,,0.0174826248755149,,0.00104147421356279
AT3G50970-AT4G25490,9.500568,,317.88013,0.0432647730365027,,0.00636150308428718
AT1G46768-AT4G25470,7.000812,,,0.0142553676565692,,0.000743736759402981
AT3G50970-AT4G25470,8.754748,,150.64293999999995,0.0290854640104883,,0.00304874432781332
AT3G56400-AT4G24240,-0.952634,,,0.0,,2.28460961445361e-12
AT2G45190-AT4G18960,0.427217,,,0.0,,4.68618930176917e-17
AT3G54340-AT4G18960,4.7420019999999985,,183.6821,0.00756857833122655,0.031988,2.75956445328524e-06
AT1G28300-AT4G13260,0.340307,,,0.0,,2.7182399754845597e-12
AT3G58780-AT4G09960,0.644529,,,0.0,,8.443273330714328e-14
AT1G56650-AT4G09820,11.148783,,1135.5837,0.0428511651804864,,0.00470899224545229
AT3G49940-AT4G09820,2.806811,,,0.0062214079079216285,,4.88402568904366e-05
AT1G12610-AT1G50960,-0.081259,,,0.0,,2.01430886242289e-09
AT1G28300-AT3G24650,2.109737,,,0.00212093327092327,,1.19801157864485e-07
AT3G06120-AT3G24650,-0.044086,,,0.0,,8.13438662172568e-10
AT1G56650-AT3G29590,12.203176,,735.3299,0.0500791167773035,,0.00670472136693265
AT3G15170-AT3G23290,-1.165636,,,0.000816356508263359,,3.4964485884124904e-08
AT3G12500-AT3G15210,2.162055,,,0.0151301320969904,,0.00035306337171255
AT1G19850-AT3G20840,-1.072113,,,0.0,,9.592652135841919e-12
AT3G12500-AT3G20770,1.108778,,,0.0130450321255084,,0.000216254333473902
AT1G28300-AT3G26790,0.566469,,,0.0,,9.401688274636473e-12
AT3G24650-AT3G26790,0.012733,,,0.0,,2.857450318229939e-26
AT1G51140-AT3G01420,-0.215934,,,0.0,,3.18898495396863e-15
AT1G31320-AT3G01420,-1.130102,,,0.0,,1.60686339437761e-14
AT1G26310-AT1G69120,4.241104,,,0.00477912040255038,0.0343307,2.50758088575671e-07
AT1G31320-AT1G77760,-0.121056,,,0.0,,2.6390330786883304e-07
AT1G56650-AT1G71030,0.162152,,,0.0,,2.78917082311278e-09
AT1G19850-AT1G73590,4.031943,,,0.0231531688425533,,0.000733831579837267
AT1G08430-AT1G34370,-0.262865,,,0.0,,3.69067028393434e-13
AT1G56650-AT1G66390,11.868132,,3180.173,0.0594510943286864,0.163588,0.0116346590495934
AT1G01380-AT1G79840,4.760505,,,0.0033205977398613608,,3.88388734488805e-06
AT1G12560-AT1G79840,-0.885971,,,0.0,,4.40008313759866e-22
AT1G71030-AT1G79840,-0.287092,,,0.0,,1.8411478432133604e-09
AT1G20440-AT1G52890,3.167982,,,0.0249261480567786,,0.00149765560331939
AT1G01380-AT1G63650,3.781736,,,0.00582390361711311,,4.60672567447378e-06
AT1G28300-AT1G80340,-0.960886,,,0.00019164651324997902,,3.4244110384756693e-09
AT1G18570-AT1G74100,0.928823,,,0.0068177446633757,,1.5392624328146698e-05
AT1G77760-AT2G47260,0.15071500000000002,,,0.000983788316038417,,1.32302808243136e-07
AT1G47990-AT1G62360,2.401718,,,0.000505451090608083,,5.59599991372745e-09
AT1G30040-AT1G62360,-0.76794,,,0.0,,1.7927252967258203e-12
AT1G06180-AT1G21970,-0.423251,,,0.000812973237116029,,2.08737529204966e-08
AT1G19180-AT1G27730,14.530293,0.5522765044151976,2484.5327,0.212003697075303,0.445429,0.122524163475189
AT1G17420-AT1G27730,4.860909,,,0.0315147476419712,,0.0034851061001878398
AT1G17950-AT1G32770,-0.034898,,,0.0,,5.82512218271291e-12
AT1G28470-AT1G32770,-1.102377,,,0.0,,9.58438226708866e-14
AT1G18570-AT1G32640,0.572815,,,0.0015415549351002,,2.22749385409243e-06
AT1G19180-AT1G32640,11.361296,,496.15854,0.0605471195763015,,0.010620678460945
AT1G17420-AT1G32640,15.355188,,337.9324299999999,0.0515042480514878,,0.0238896816039251
AT1G28370-AT1G32640,8.507982,,,0.0522895275511956,,0.00849914831076281
AT1G27730-AT1G32640,3.93663,,,0.0220618905355747,,0.000183144856951877
AT1G32640-AT1G33760,1.000449,,,0.001719768133992,,1.1368308697019698e-05
AT1G73730-AT1G78000,0.791057,,,0.0049343417336847285,,8.86202205134559e-06
AT1G17420-AT1G74930,2.974359,,,0.0153853693865694,,0.00024017867675911402
AT1G01120-AT1G15360,-1.7496310000000002,,,0.0,,4.733683755553849e-16
AT1G15950-AT1G16490,0.482996,,,0.0,,1.8006395150370299e-09
AT1G62360-AT1G75820,-0.97266,,,0.000168948248538102,,1.07209026042966e-08
AT1G56650-AT1G78600,0.102206,,,0.0,,3.7529797924067705e-06
AT1G14920-AT2G04240,2.112098,,,0.0167166262728388,,0.000411239146182602
AT1G69180-AT2G40220,-1.274425,,,0.0,,5.285073405321031e-12
AT1G56010-AT2G04160,-0.945241,,,0.0,,5.0591980502645504e-11
AT1G42990-AT2G31955,5.75196,,,0.0503149652451521,,0.0147964848160347
AT1G42990-AT2G31955,5.75196,,,0.0503149652451521,,9.122958305551693e-15
AT1G42990-AT2G31955,5.75196,,,0.0,,0.0147964848160347
AT1G42990-AT2G31955,5.75196,,,0.0,,9.122958305551693e-15
AT1G42990-AT2G31955,-0.443349,,,0.0503149652451521,,0.0147964848160347
AT1G42990-AT2G31955,-0.443349,,,0.0503149652451521,,9.122958305551693e-15
AT1G42990-AT2G31955,-0.443349,,,0.0,,0.0147964848160347
AT1G42990-AT2G31955,-0.443349,,,0.0,,9.122958305551693e-15
AT1G46768-AT2G42540,3.389625,,,0.0130486036182434,,9.8020470857597e-05
AT1G12610-AT2G42540,-0.520019,,,0.0,,8.319219922128389e-12
AT1G35515-AT2G42540,0.222009,,,0.0,,5.11118075435661e-11
AT1G32640-AT2G24850,5.170702,,,0.0397292294526354,,0.00200470040948438
AT1G01060-AT2G21660,9.20477,,644.15405,0.0472384784822083,,0.0394202054878862
AT1G21970-AT2G17090,1.433075,,,0.0,,1.1198627579593901e-15
AT1G01060-AT1G04400,2.8348880000000003,,,0.00629727732923114,,0.0006305460762911928
AT1G79840-AT2G46410,5.636551,,,0.003967722642925629,,4.72768614328505e-06
AT1G63650-AT2G46410,2.293253,,,0.0009167811819464619,,5.09481261783085e-07
AT1G32640-AT2G46340,-0.618041,,,0.0,,1.42316447480728e-08
AT1G32640-AT2G46340,-0.618041,,,0.0,,7.57182523681205e-10
AT1G32640-AT2G46340,-0.618041,,,0.0,,1.42316447480728e-08
AT1G32640-AT2G46340,-0.618041,,,0.0,,7.57182523681205e-10
AT1G32640-AT2G46340,-0.398854,,,0.0,,1.42316447480728e-08
AT1G32640-AT2G46340,-0.398854,,,0.0,,7.57182523681205e-10
AT1G32640-AT2G46340,-0.398854,,,0.0,,1.42316447480728e-08
AT1G32640-AT2G46340,-0.398854,,,0.0,,7.57182523681205e-10
AT1G74650-AT2G37040,1.882893,,,0.0,,9.205510285076668e-12
AT1G16490-AT2G37040,-0.348193,,,9.00175788169804e-05,,1.22310888719621e-07
AT1G44575-AT2G36890,0.702763,,,0.00100239368267421,,2.06139182250407e-08
AT1G28300-AT2G36270,0.468082,,,0.0,,2.73125036014076e-14
AT1G21970-AT2G36270,1.473941,,,0.0,,5.59365157267487e-12
AT1G14920-AT2G36270,-0.8240059999999999,,,0.0,,4.40525236497945e-11
AT2G31650-AT2G36010,2.338546,,,0.0142387469013437,,7.711785657071201e-06
AT1G18570-AT2G22330,0.939702,,,0.00496604793077049,,1.2680720966842199e-06
AT1G73730-AT2G22330,-0.5053949999999999,,,0.0,,9.00272324676634e-12
AT1G07640-AT2G22330,0.97897,,,0.00762193360696718,,9.374100854491302e-06
AT1G26310-AT2G27990,-1.341253,,,0.0,,2.2768176759479003e-13
AT1G69120-AT2G27990,0.475311,,,2.9420755924384997e-05,,6.772761225944489e-09
AT1G51680-AT1G79180,0.291078,,,0.000809712627349503,,5.64144424679049e-09
AT1G71930-AT1G79180,-1.177525,,,0.0,,4.03463294660909e-10
AT1G32770-AT1G79180,1.789463,,,0.0,,8.027285300308979e-15
AT1G15950-AT1G79180,-0.055273,,,0.0,,1.4140502687749898e-13
AT1G01060-AT1G22770,4.884682,,120.30731000000002,0.00278563894378901,,4.1787854629602396e-05
AT1G01060-AT1G09530,0.604883,,,0.0,,9.8947043309524e-07
AT1G32240-AT1G65620,0.34533,,,0.000392060736206629,,1.62508353466597e-07
AT1G62360-AT1G65620,0.526519,,,0.0010393981998462099,,5.67551075572073e-07
AT1G23380-AT1G65620,2.321196,,,0.00046835461476286907,,4.05173119105476e-08
AT1G25560-AT1G65480,0.225344,,,0.0,,5.02651504545852e-10
AT1G01060-AT1G65480,2.575971,,,0.0038068545033781796,,5.4080601024752495e-08
AT1G21970-AT1G62290,-1.50215,,,0.0,,4.36988455691927e-19
AT1G45145-AT1G62300,4.516453,,,0.0453041677439666,,0.00912559476622651
AT1G17420-AT1G62300,1.197272,,,0.013958979656844,,0.000180124126650713
AT1G32640-AT1G77120,1.065504,,,0.00026771279247150896,,1.27857682103989e-05
AT1G35515-AT1G77120,-0.075705,,,0.0,,7.0959677643072604e-12
AT1G53910-AT1G77120,2.909101,,,0.0153955294987441,,0.000552110831556949
AT1G69120-AT2G22630,-0.967134,,,0.0,,1.91455063400563e-10
AT1G31320-AT2G15620,-0.553742,,,0.0,,2.6319185933406e-11
AT1G76580-AT2G15620,-0.09394,,,0.0,,3.22339598036736e-08
AT1G80730-AT2G15620,-0.162098,,,0.0013369725475441301,,2.1770070748148304e-07
AT1G19180-AT2G20180,3.421588,,,0.0292289780261401,,0.0012389952187787
AT1G69010-AT2G20180,2.83233,,,0.026874608462016,,0.0007944120834495241
AT1G72770-AT2G20180,-0.781347,,,0.0,,5.61083370865361e-10
AT1G30040-AT2G20180,0.384529,,,0.0046074765939746395,,3.631806595781089e-06
AT1G66350-AT2G20180,0.301223,,,0.0,,8.785564876810552e-13
AT1G52920-AT2G20180,0.8178989999999999,,,0.0,,1.9372099839223802e-13
AT1G80340-AT2G20180,-0.215913,,,0.0,,8.905384529743981e-10
AT1G69720-AT2G20180,-0.6409060000000001,,,0.0,,3.1326591062716303e-13
AT1G78390-AT2G20180,-1.325866,,,0.0,,1.23270218377601e-09
AT1G15550-AT2G20180,0.945775,,,0.00651099062364227,,5.05702564734711e-05
AT1G14920-AT2G20180,2.182192,,,0.0129331511049977,,0.000509390471086209
AT1G08980-AT2G20180,0.662841,,,0.00700709821360678,,5.03496196070088e-05
AT1G03430-AT2G20180,-0.853194,,,0.0,,3.80544111689781e-09
AT1G03630-AT2G20180,0.5479890000000001,,,0.0227903812995894,,6.68767546958545e-05
AT1G03790-AT2G20180,-0.349197,,,5.908969796792889e-05,,1.1407518576157699e-08
AT1G65480-AT2G27300,0.285663,,,0.00014280903389844,,3.15361915873176e-09
AT1G62360-AT2G27250,0.376541,,,9.64668751629179e-05,,8.93296516133362e-10
AT1G09770-AT2G27250,0.711096,,,0.0027630378383562307,,1.74327742572121e-06
AT1G17420-AT2G03340,-0.435127,,,0.0,,3.81960154483493e-13
AT1G62300-AT2G03340,-0.67028,,,0.0,,2.52662468613391e-08
AT1G77760-AT2G18060,-0.5646939999999999,,,0.0,,2.89070742062898e-15
AT1G08090-AT2G18060,0.189286,,,0.0,,2.35966362360647e-11
AT1G19050-AT2G17950,0.335289,,,0.0,,1.1452287407727004e-09
AT1G62360-AT2G17950,-1.5903200000000002,,,0.0,,2.75248031509499e-10
AT1G21970-AT2G17950,-0.920545,,,0.0,,3.09349708682504e-18
AT1G30490-AT2G17950,-0.435636,,,0.00065129779739781,,3.34620345565204e-08
AT1G74890-AT2G17950,-0.8513360000000001,,,0.0,,1.29811160077606e-13
AT1G68640-AT2G17950,-0.704969,,,0.0,,3.33605468603211e-12
AT1G09770-AT2G17950,1.394358,,,0.00348344484558132,,7.430976660402141e-07
AT1G24260-AT2G17950,5.780117,,,0.004817054319842779,,1.2283671755334999e-06
AT1G52150-AT2G17950,-1.474495,,,0.0,,9.688333387953893e-10
AT1G19220-AT2G42430,-0.698929,,,0.00143867242116899,,3.26476400785069e-07
AT1G56650-AT2G37260,4.514508,,,0.0210298281717388,,0.00015931399534008302
AT1G66390-AT2G37260,2.491063,,,0.00670342502991467,,7.91698098465755e-06
AT1G79840-AT2G37260,6.6583320000000015,0.15842216116992938,,0.00555249701125611,,2.38084289848888e-05
AT1G63650-AT2G37260,2.334305,,,0.0007168516142544942,,6.00594264739877e-07
AT1G35515-AT2G39030,-0.817113,,,0.0,,8.703033683295909e-25
AT1G77760-AT2G27050,0.380694,,,0.00113399913940529,,4.5424285578040605e-06
AT1G74710-AT2G27050,-0.002712,,,0.00157343872964743,,7.730883040193871e-06
AT2G40950-AT2G46680,1.553365,,,0.0100713615617155,,9.86260357994412e-05
AT2G33380-AT2G46680,14.403813,0.34724085524490256,1210.7981,0.080047368566791,0.25656,0.0375417689594355
AT1G70510-AT2G01570,-1.223564,,,0.000634304946498512,,4.958144830195731e-09
AT1G15550-AT2G01570,-1.047942,,,0.0,,7.95136046802971e-12
AT1G04310-AT2G01570,0.11886,,,0.0,,1.6363821805344e-06
AT1G22070-AT2G14610,3.443342,,,0.00968829634184483,,3.3255544936623797e-06
AT1G32640-AT2G14610,-0.07699299999999999,,,0.0,,1.32192175209825e-10
AT1G13960-AT2G14610,-0.535726,,,0.0,,1.8124734214754704e-09
AT1G10170-AT2G14610,-0.361845,,,0.0,,1.13164193750108e-09
AT1G62300-AT2G14610,1.966534,,,0.0140935292446526,,0.000393603901253819
AT1G21970-AT2G41260,-1.096707,,,0.0,,1.41827853784457e-12
AT1G69120-AT2G47730,1.067665,,,0.0,,4.1912959383244196e-08
AT1G66850-AT2G16910,4.597855,,,0.00142854301930749,,2.1402418120142105e-07
AT1G67990-AT2G16910,0.303098,,,0.000707458095679596,,1.71735826909327e-08
AT1G73220-AT2G16910,-0.890727,,,0.0,,5.115689652521542e-10
AT1G75920-AT2G16910,2.855746,,,0.000885551186653392,,4.68124073954993e-09
AT1G13140-AT2G16910,1.964376,,,1.8315289268361702e-05,,6.30204863005989e-12
AT1G59740-AT2G16910,-1.315229,,,0.0,,3.23823321619848e-15
AT1G75790-AT2G16910,3.272279,,,0.00090084333313318,,2.7680799156150197e-08
AT1G32900-AT2G46830,16.89497,0.6962687243998918,6325.557,0.361605827322094,0.509374,0.187320024125824
AT1G01060-AT2G46830,24.027567,0.8606648117108034,19205.162,0.56041025356709,0.7021649999999999,0.370508487968552
AT2G21660-AT2G46830,7.416582000000001,,,0.0336489227106318,,0.0221191600607078
AT1G04400-AT2G46830,1.752992,,,0.00079437304687417,,0.000121318061386229
AT1G22770-AT2G46830,3.5183800000000005,,,0.0,,9.39767736737636e-09
AT1G09530-AT2G46830,-0.364079,,,0.0,,2.57544001681568e-12
AT1G65480-AT2G46830,2.796211,,,0.00346810621906535,,3.8451043318964797e-08
AT2G43010-AT2G46830,0.6282300000000001,,,0.0,,6.3070999335039e-10
AT2G20180-AT2G29090,-0.896017,,,0.0,,8.746078401514152e-15
AT1G77760-AT2G22850,2.164634,,,0.0,,1.65498868525689e-05
AT1G28300-AT2G22810,-0.8651120000000001,,,0.0,,1.0346555703861099e-11
AT1G56600-AT2G26150,3.2047380000000003,,,0.0131470725983869,,0.000152201635698868
AT1G74310-AT2G26150,31.054861,0.4887821263041263,7095.432,0.0358108263073019,,0.0652653462868132
AT1G32330-AT2G26150,2.441204,,,0.011432383584323,,0.00011402435019243601
AT1G60470-AT2G26150,-0.78561,,,0.0,,2.52931440451937e-13
AT2G22770-AT2G39310,6.480564,,,0.013275471279281,,0.00020582716905779799
AT2G22770-AT2G39330,0.725901,,,0.0018382346883694801,,1.56455471876276e-06
AT1G06160-AT2G38470,3.947653,,,0.0272268063754696,,0.00202165492247328
AT2G14610-AT2G38470,1.855437,,,0.0106339963656622,,0.00045387641018626893
AT2G15620-AT2G38300,0.5039640000000001,,,0.0035870928159175298,,1.34611084252424e-05
AT1G71930-AT2G38080,4.414584,,117.56621,0.0171358811855699,,6.14698245512479e-05
AT1G16490-AT2G38080,-0.92419,,,0.0008454140359494941,,1.79993052974605e-07
AT1G79180-AT2G38080,0.054143,,,0.0,,1.04502661432852e-08
AT1G63650-AT2G23550,-0.421021,,,0.000256053553962912,,3.07337099136062e-09
AT1G63650-AT2G23580,-0.761409,,,0.0,,6.84317932068101e-12
AT2G26580-AT2G37630,0.284545,,,0.0016345816042338196,,6.27047722587574e-06
AT1G32240-AT2G37630,7.134992,,,0.0245964251715896,,0.00104381041102168
AT1G70510-AT2G37630,-0.8542620000000001,,,0.0,,1.49754647759018e-12
AT1G53230-AT2G37630,6.047912,,,0.0425194263062984,,0.00234171874361048
AT1G62360-AT2G37630,0.568213,,,0.00174905328374579,,1.20385901231705e-06
AT1G23380-AT2G37630,0.060337,,,0.00209276091222353,,8.148253047905071e-08
AT1G55580-AT2G37630,0.812866,,,0.00405994278311554,,1.3980917301264e-07
AT1G77760-AT2G30250,0.126648,,,0.0,,4.14322081368231e-08
AT1G74310-AT2G30250,-0.248002,,,0.0,,9.489897937156559e-11
AT2G14610-AT2G30250,2.139159,,,0.0280109907345024,,0.0010073038619410801
AT2G26150-AT2G30250,-0.15020999999999998,,,0.0,,1.42460106579986e-07
AT2G15620-AT2G23760,-0.431914,,,0.0,,4.5821165565540704e-07
AT1G65620-AT2G34710,0.992584,,,0.00402872041861028,,1.2058842782713699e-05
AT2G17950-AT2G34710,-1.219136,,,0.0,,4.16569271085552e-09
AT1G01060-AT2G40080,8.141364999999999,,,0.0254062370399672,,0.0145077951058636
AT1G65620-AT2G33860,-0.8450840000000001,,,0.0,,9.78349144103756e-14
AT2G17950-AT2G33880,2.49594,,,0.00296780673485579,,1.36911043996031e-06
AT1G69120-AT2G33810,1.140344,,,0.00467247010858247,,2.87113736079994e-06
AT1G16490-AT2G30490,-0.118808,,,0.0,,2.374791577785e-08
AT1G79180-AT2G30490,0.455424,,,0.000740737752021352,,6.2619960739729395e-09
AT2G18060-AT2G30490,-0.745138,,,0.0,,9.70368570019111e-10
AT1G69120-AT2G45660,-0.532542,,,0.0,,4.223528571419e-09
AT1G71692-AT2G45660,-0.615425,,,0.0,,4.19602554484774e-09
AT1G24260-AT2G45660,-0.002384,,,0.0031187199193245608,,6.21462868205415e-07
AT1G66350-AT2G41940,3.181616,,,0.0175599385587161,,0.000154976403339116
AT2G36270-AT2G41940,-0.068504,,,0.00115908284888437,,9.88730671923272e-07
AT2G01570-AT2G41940,0.531492,,,0.0017887705670133801,,5.9937434138934086e-06
